player_name,club_name,position_name,now_cost,total_points,event_points,points_per_game,selected_by_percent,goals_scored,assists,minutes,clean_sheets,goals_conceded,own_goals,penalties_saved,penalties_missed,saves,yellow_cards,red_cards,bonus,influence,creativity,threat,ict_index,form,dreamteam_count,value_form,value_season,transfers_in,transfers_out,transfers_in_event,transfers_out_event,cost_change_start,cost_change_start_fall,cost_change_event,cost_change_event_fall,expected_goals,expected_assists,expected_goal_involvements,expected_goals_conceded,starts,tackles,clearances_blocks_interceptions,recoveries,defensive_contribution,defensive_contribution_per_90,news,influence_rank,influence_rank_type,creativity_rank,creativity_rank_type,threat_rank,threat_rank_type,ict_index_rank,ict_index_rank_type,corners_and_indirect_freekicks_order,corners_and_indirect_freekicks_text,direct_freekicks_order,direct_freekicks_text,penalties_order,penalties_text,expected_goals_per_90,saves_per_90,expected_assists_per_90,expected_goal_involvements_per_90,expected_goals_conceded_per_90,goals_conceded_per_90,now_cost_rank,now_cost_rank_type,form_rank,form_rank_type,points_per_game_rank,points_per_game_rank_type,selected_rank,selected_rank_type,starts_per_90,clean_sheets_per_90
Erling Haaland,Man City,FWD,15.5,239,0,6.8,70.4,27,8,2953,13,32,0,0,1,0,2,0,43,1180.4,320.1,1520.0,302.3,0.0,0,0.0,15.4,0,0,0,0,0.0,0.0,0.0,0.0,25.5,2.67,28.17,38.6,34,15,48,41,104,3.17,,2,1,111,6,1,1,2,1,,,,,1.0,,0.78,0.0,0.08,0.86,1.18,0.98,1,1,592,70,2,1,1,1,1.04,0.4
Bruno B.Fernandes,Man Utd,MID,12.0,235,0,6.7,49.0,9,24,3065,7,46,0,0,2,0,5,0,41,1258.0,1938.5,614.0,381.4,0.0,0,0.0,19.6,0,0,0,0,0.0,0.0,0.0,0.0,10.79,12.28,23.07,44.42,35,53,67,167,287,8.43,,1,1,1,1,29,15,1,1,1.0,,1.0,,1.0,,0.32,0.0,0.36,0.68,1.3,1.35,2,1,591,261,3,1,3,1,1.03,0.21
Gabriel Gabriel,Arsenal,DEF,8.0,209,0,6.5,28.7,3,5,2750,18,20,0,0,0,0,4,0,30,824.0,128.5,298.0,125.0,0.0,0,0.0,26.1,0,0,0,0,0.0,0.0,0.0,0.0,2.94,1.75,4.69,22.01,30,38,239,64,277,9.07,,25,9,219,61,101,15,80,18,,,,,,,0.1,0.0,0.06,0.16,0.72,0.65,9,1,583,195,4,1,7,1,0.98,0.59
Antoine Semenyo,Man City,MID,8.5,202,0,5.5,26.4,17,6,3200,12,52,0,0,1,0,7,0,18,923.2,607.4,1047.0,257.7,0.0,0,0.0,23.8,0,0,0,0,0.0,0.0,0.0,0.0,11.1,3.12,14.21,47.67,37,45,49,142,236,6.64,,10,2,32,31,4,1,5,4,,,,,3.0,,0.31,0.0,0.09,0.4,1.34,1.46,6,4,587,258,5,2,11,5,1.04,0.34
Morgan Gibbs-White,Nott'm Forest,MID,8.0,188,0,5.1,11.9,15,4,3101,10,45,0,0,0,0,1,0,18,843.8,747.7,836.0,242.5,0.0,0,0.0,23.5,0,0,0,0,0.0,0.0,0.0,0.0,10.81,2.91,13.72,49.7,35,20,48,110,178,5.17,,21,6,19,18,9,4,7,5,,,1.0,,2.0,,0.31,0.0,0.08,0.39,1.44,1.31,8,5,582,255,11,5,35,11,1.02,0.29
Declan Rice,Arsenal,MID,7.5,184,0,5.1,19.9,4,9,3093,18,25,0,0,0,0,3,0,23,827.2,1027.4,298.0,215.4,0.0,0,0.0,24.5,0,0,0,0,0.0,0.0,0.0,0.0,3.15,7.32,10.47,23.87,35,69,127,180,376,10.94,,24,8,4,4,100,63,14,11,1.0,,1.0,,,,0.09,0.0,0.21,0.3,0.69,0.73,13,8,571,249,9,4,18,6,1.02,0.52
Igor Thiago Thiago,Brentford,FWD,8.0,181,0,4.8,17.7,22,1,3282,10,50,0,0,1,0,7,0,22,1019.4,382.5,1170.0,256.9,0.0,0,0.0,22.6,0,0,0,0,0.0,0.0,0.0,0.0,20.6,1.83,22.43,53.17,37,37,84,93,214,5.87,,5,2,88,3,3,3,6,2,,,,,1.0,,0.56,0.0,0.05,0.61,1.46,1.37,12,4,586,68,15,3,23,4,1.01,0.27
Elliot Anderson,Man City,MID,6.5,180,0,4.7,9.5,4,5,3332,10,50,0,0,0,0,8,0,16,915.2,961.5,310.0,219.0,0.0,0,0.0,27.7,0,0,0,0,0.0,0.0,0.0,0.0,2.94,4.79,7.73,53.65,37,103,106,306,515,13.91,,11,3,6,6,95,60,12,9,2.0,,,,,,0.08,0.0,0.13,0.21,1.45,1.35,36,24,543,227,21,10,47,17,1.0,0.27
Marc Guéhi,Man City,DEF,6.0,179,0,5.1,20.1,3,5,3150,14,35,0,0,0,0,6,0,14,901.6,304.6,402.0,160.9,0.0,0,0.0,29.8,0,0,0,0,0.0,0.0,0.0,0.0,4.05,2.37,6.42,44.58,35,46,232,139,278,7.94,,13,5,125,29,65,6,44,8,,,,,,,0.12,0.0,0.07,0.19,1.27,1.0,69,6,496,187,8,2,17,6,1.0,0.4
João Pedro João Pedro,Chelsea,FWD,7.5,177,0,5.1,60.1,15,9,2658,10,36,0,0,0,0,5,0,30,758.4,456.6,909.0,212.1,0.0,0,0.0,23.6,0,0,0,0,0.0,0.0,0.0,0.0,14.91,1.96,16.87,37.25,31,27,39,72,138,4.67,,35,3,59,1,6,5,15,4,,,,,,,0.5,0.0,0.07,0.57,1.26,1.22,19,7,577,65,10,2,2,2,1.05,0.34
Marcos Senesi,Spurs,DEF,6.0,175,0,4.7,9.5,0,6,3288,11,53,0,0,0,0,8,0,14,1114.4,367.8,201.0,168.6,0.0,0,0.0,29.2,0,0,0,0,0.0,0.0,0.0,0.0,1.53,4.72,6.25,54.77,37,62,357,155,419,11.47,,4,2,91,22,156,40,34,4,,,,,,,0.04,0.0,0.13,0.17,1.5,1.45,73,7,500,188,18,6,48,17,1.01,0.3
Virgil Virgil,Liverpool,DEF,6.5,175,0,4.6,17.9,6,1,3420,10,53,0,0,0,0,4,0,10,1169.4,215.9,490.0,187.6,0.0,0,0.0,26.9,0,0,0,0,0.0,0.0,0.0,0.0,3.77,1.44,5.21,47.63,38,23,329,87,352,9.26,,3,1,154,38,44,2,27,1,,,,,,,0.1,0.0,0.04,0.14,1.25,1.39,31,2,538,192,24,9,22,8,1.0,0.26
James Tarkowski,Everton,DEF,6.0,170,0,4.6,9.5,2,3,3330,11,48,0,0,0,0,8,0,12,995.6,235.6,422.0,165.7,0.0,0,0.0,28.3,0,0,0,0,0.0,0.0,0.0,0.0,2.53,2.1,4.63,53.54,37,51,325,90,376,10.16,,6,3,146,35,57,3,38,5,,,,,,,0.07,0.0,0.06,0.13,1.45,1.3,56,5,483,186,23,8,49,18,1.0,0.3
Morgan Rogers,Chelsea,MID,7.5,169,0,4.6,26.6,10,8,3280,9,48,0,0,0,0,7,0,17,746.2,706.2,871.0,232.0,0.0,0,0.0,22.5,0,0,0,0,0.0,0.0,0.0,0.0,6.84,4.32,11.16,51.55,37,42,49,139,230,6.31,,37,10,24,23,8,3,8,6,4.0,,,,,,0.19,0.0,0.12,0.31,1.41,1.32,16,9,574,250,25,11,10,4,1.02,0.25
Harry Wilson,Leeds,MID,6.5,168,0,4.7,7.2,10,9,2674,9,38,0,0,0,0,7,0,21,707.2,661.1,601.0,196.9,0.0,0,0.0,25.8,0,0,0,0,0.0,0.0,0.0,0.0,5.88,4.77,10.65,40.14,32,29,66,82,177,5.96,,46,12,28,27,31,17,24,20,2.0,,,,,,0.2,0.0,0.16,0.36,1.35,1.28,33,21,540,224,20,9,58,20,1.08,0.3
Ollie Watkins,Aston Villa,FWD,8.0,167,0,4.5,12.3,16,4,2833,9,38,0,0,0,0,4,0,26,720.2,330.9,1206.0,225.2,0.0,0,0.0,20.9,0,0,0,0,0.0,0.0,0.0,0.0,15.4,1.18,16.58,43.39,33,22,23,49,94,2.99,,42,4,107,5,2,2,11,3,,,,,2.0,,0.49,0.0,0.04,0.53,1.38,1.21,7,3,581,67,29,5,32,7,1.05,0.29
Adrien Truffert,Bournemouth,DEF,5.5,165,0,4.3,4.9,1,6,3378,11,51,0,0,0,0,5,0,19,857.0,574.2,194.0,162.6,0.0,0,0.0,30.0,0,0,0,0,0.0,0.0,0.0,0.0,1.35,3.07,4.42,54.42,38,102,199,188,301,8.02,,19,7,37,2,160,43,43,7,,,,,,,0.04,0.0,0.08,0.12,1.45,1.36,191,28,450,179,39,15,72,27,1.01,0.29
David Raya,Arsenal,GKP,6.0,162,0,4.4,34.3,0,0,3330,19,26,0,0,0,60,1,0,11,541.6,33.5,0.0,57.5,0.0,0,0.0,27.0,0,0,0,0,0.0,0.0,0.0,0.0,0.0,0.07,0.07,27.56,37,1,37,304,0,0.0,,96,16,304,3,582,66,229,16,,,,,,,0.0,1.62,0.0,0.0,0.74,0.7,60,1,487,66,32,3,5,1,1.0,0.51
Dominik Szoboszlai,Liverpool,MID,7.0,160,0,4.4,41.3,6,7,3232,9,52,0,0,1,0,8,1,21,867.8,1324.6,417.0,260.9,0.0,0,0.0,22.9,0,0,0,0,0.0,0.0,0.0,0.0,4.76,6.83,11.59,45.63,36,56,96,186,338,9.41,,18,5,2,2,58,34,4,3,1.0,,1.0,,2.0,,0.13,0.0,0.19,0.32,1.27,1.45,27,18,567,247,35,14,4,2,1.0,0.25
Nico O'Reilly,Man City,DEF,6.5,160,0,4.7,21.5,5,4,2643,14,25,0,0,0,0,5,0,10,653.8,413.9,573.0,164.1,0.0,0,0.0,24.6,0,0,0,0,0.0,0.0,0.0,0.0,6.12,2.67,8.79,34.97,29,67,105,108,172,5.86,,61,26,70,17,36,1,40,6,,,,,,,0.21,0.0,0.09,0.3,1.19,0.85,49,4,556,194,22,7,15,5,0.99,0.48
James Garner,Everton,MID,6.0,159,0,4.2,0.3,2,7,3413,11,50,0,0,0,0,12,0,13,887.0,958.0,237.0,208.4,0.0,0,0.0,26.5,0,0,0,0,0.0,0.0,0.0,0.0,2.1,6.18,8.28,56.18,38,119,154,185,458,12.08,Groin injury - Expected back 22 Aug,14,4,7,7,125,71,17,13,1.0,,1.0,,3.0,,0.06,0.0,0.16,0.22,1.48,1.32,75,48,502,198,42,18,307,102,1.0,0.29
Bukayo Saka,Arsenal,MID,9.5,157,0,5.1,9.6,7,10,2218,12,16,0,0,0,0,2,0,18,627.0,847.6,828.0,230.6,0.0,0,0.0,16.5,0,0,0,0,0.0,0.0,0.0,0.0,7.57,7.16,14.73,15.57,25,40,28,116,184,7.47,,68,20,12,11,11,6,10,8,2.0,,2.0,,1.0,,0.31,0.0,0.29,0.6,0.63,0.65,3,2,589,259,12,6,46,16,1.01,0.49
Enzo Enzo,Chelsea,MID,7.0,157,0,4.4,5.3,10,5,3114,8,46,0,0,0,0,10,0,19,835.6,1063.2,747.0,264.6,0.0,0,0.0,22.4,0,0,0,0,0.0,0.0,0.0,0.0,11.26,7.26,18.52,44.89,35,53,51,140,244,7.05,,23,7,3,3,20,9,3,2,3.0,,2.0,,2.0,,0.33,0.0,0.21,0.54,1.3,1.33,29,19,569,248,36,15,68,25,1.01,0.23
Matheus Matheus N.,Man City,DEF,6.0,154,0,4.5,3.1,1,8,2861,12,28,0,0,0,0,5,0,16,696.0,545.0,131.0,137.6,0.0,0,0.0,25.7,0,0,0,0,0.0,0.0,0.0,0.0,0.34,2.23,2.57,34.89,32,57,138,166,195,6.13,Knock - 75% chance of playing,48,20,42,4,205,55,66,12,,,,,5.0,,0.01,0.0,0.07,0.08,1.1,0.88,90,10,517,191,26,10,101,38,1.01,0.38
Maxence Lacroix,Chelsea,DEF,6.0,154,0,4.4,10.5,1,2,3085,11,47,0,0,0,0,4,1,11,822.0,106.4,316.0,124.3,0.0,0,0.0,25.7,0,0,0,0,0.0,0.0,0.0,0.0,2.45,0.83,3.28,44.04,35,60,310,96,370,10.79,,28,10,236,74,89,11,82,19,,,,,,,0.07,0.0,0.02,0.09,1.28,1.37,80,8,507,189,33,12,44,16,1.02,0.32
Bruno Bruno G.,Arsenal,MID,7.0,154,0,5.3,8.9,9,7,2456,6,37,0,0,0,0,6,0,22,782.4,756.7,488.0,202.9,0.0,0,0.0,22.0,0,0,0,0,0.0,0.0,0.0,0.0,5.59,4.96,10.55,31.99,27,62,55,134,251,9.2,,32,9,18,17,45,27,20,16,5.0,,,,4.0,,0.2,0.0,0.18,0.38,1.17,1.36,24,15,564,244,7,3,50,18,0.99,0.22
Nordi Mukiele,Sunderland,DEF,5.5,151,0,4.7,2.7,3,5,2784,9,40,1,0,0,0,5,0,11,733.6,353.1,242.0,132.9,0.0,0,0.0,27.5,0,0,0,0,0.0,0.0,0.0,0.0,1.62,2.65,4.27,44.71,32,69,204,131,273,8.83,Knock - 75% chance of playing,38,15,97,24,123,23,72,15,,,,,,,0.05,0.0,0.09,0.14,1.45,1.29,132,14,391,165,16,4,110,44,1.03,0.29
Kiernan Dewsbury-Hall,Everton,MID,6.5,151,0,4.9,3.5,8,7,2629,8,39,0,0,0,0,6,0,18,619.4,601.1,438.0,166.0,0.0,0,0.0,23.2,0,0,0,0,0.0,0.0,0.0,0.0,4.35,5.34,9.69,40.38,30,52,44,134,230,7.87,,70,21,34,33,50,29,37,27,2.0,,,,,,0.15,0.0,0.18,0.33,1.38,1.34,37,25,544,228,14,7,89,31,1.03,0.27
Jurriën J.Timber,Arsenal,DEF,6.5,149,0,5.0,0.2,3,6,2452,13,20,0,0,0,0,5,0,9,499.0,402.6,352.0,125.7,0.0,0,0.0,22.9,0,0,0,0,0.0,0.0,0.0,0.0,4.71,1.53,6.24,17.45,28,66,82,97,148,5.43,Groin injury - Unknown return date,114,49,76,18,76,9,79,17,,,,,,,0.17,0.0,0.06,0.23,0.64,0.73,47,3,554,193,13,3,334,125,1.03,0.48
Jan Paul Van Hecke,Spurs,DEF,5.0,148,0,4.1,8.9,3,3,3210,10,44,1,0,0,0,9,0,8,980.6,240.4,295.0,152.0,0.0,0,0.0,29.6,0,0,0,0,0.0,0.0,0.0,0.0,3.31,1.57,4.87,46.27,36,53,264,113,317,8.89,,7,4,143,34,102,16,50,9,,,,,,,0.09,0.0,0.04,0.13,1.3,1.23,317,62,294,145,45,17,51,19,1.01,0.28
Bryan Mbeumo,Man Utd,MID,8.0,148,0,4.5,31.0,11,3,2611,8,37,0,0,0,0,4,0,16,628.8,803.1,882.0,231.4,0.0,0,0.0,18.5,0,0,0,0,0.0,0.0,0.0,0.0,11.98,4.99,16.97,35.87,31,25,23,91,139,4.79,,67,19,17,16,7,2,9,7,2.0,,2.0,,2.0,,0.41,0.0,0.17,0.58,1.24,1.28,11,7,585,257,30,13,6,3,1.07,0.28
Enzo E.Le Fée,Sunderland,MID,6.0,147,0,4.1,11.9,5,6,2930,10,43,0,0,1,0,5,0,16,725.8,816.4,324.0,186.9,0.0,0,0.0,24.5,0,0,0,0,0.0,0.0,0.0,0.0,5.22,5.95,11.17,46.5,33,89,77,153,319,9.8,,41,11,16,15,87,54,28,22,1.0,,2.0,,2.0,,0.16,0.0,0.18,0.34,1.43,1.32,94,59,521,209,48,22,36,12,1.01,0.31
Ryan Gravenberch,Liverpool,MID,6.0,144,0,4.0,1.9,5,5,2991,9,42,0,0,0,0,5,0,17,687.0,497.2,220.0,140.1,0.0,0,0.0,24.0,0,0,0,0,0.0,0.0,0.0,0.0,1.89,2.26,4.15,38.41,34,59,112,127,298,8.97,,50,13,50,44,140,80,58,37,,,,,,,0.06,0.0,0.07,0.13,1.16,1.26,83,53,510,203,59,26,132,41,1.02,0.27
Caoimhín Kelleher,Brentford,GKP,5.0,143,0,3.9,5.9,0,0,3330,10,49,0,3,0,109,1,0,11,913.8,23.0,0.0,93.8,0.0,0,0.0,28.6,0,0,0,0,0.0,0.0,0.0,0.0,0.0,0.22,0.22,53.48,37,1,48,301,0,0.0,,12,3,320,5,498,56,143,3,,,,,,,0.0,2.95,0.01,0.01,1.45,1.32,255,11,232,53,64,5,65,8,1.0,0.27
Matheus Cunha,Man Utd,MID,8.0,143,0,4.3,11.3,10,4,2493,8,35,0,0,0,0,4,0,14,675.8,545.4,801.0,202.5,0.0,0,0.0,17.9,0,0,0,0,0.0,0.0,0.0,0.0,6.9,3.36,10.26,35.75,29,39,46,126,211,7.62,,54,15,41,38,17,8,22,18,,,,,,,0.25,0.0,0.12,0.37,1.29,1.26,10,6,584,256,40,17,38,13,1.05,0.29
Dominic Calvert-Lewin,Leeds,FWD,6.0,142,0,4.1,27.5,14,2,2721,8,34,0,0,1,0,3,0,20,619.6,311.1,1026.0,194.7,0.0,0,0.0,23.7,0,0,0,0,0.0,0.0,0.0,0.0,15.57,1.06,16.62,35.74,30,10,49,46,105,3.47,,69,5,117,8,5,4,25,5,,,,,1.0,,0.51,0.0,0.04,0.55,1.18,1.12,63,16,490,47,47,6,8,3,0.99,0.26
Marcus Tavernier,Bournemouth,MID,6.0,137,0,4.0,1.8,7,4,2732,11,44,0,0,0,0,6,0,14,656.8,816.6,605.0,207.9,0.0,0,0.0,22.8,0,0,0,0,0.0,0.0,0.0,0.0,9.06,4.6,13.66,41.06,31,39,62,150,251,8.27,,60,17,15,14,30,16,19,15,1.0,,1.0,,3.0,,0.3,0.0,0.15,0.45,1.35,1.45,66,44,493,194,57,24,140,43,1.02,0.36
Anton Stach,Leeds,MID,6.0,137,0,4.7,1.1,5,6,2369,7,36,0,0,0,0,3,0,14,650.0,921.4,315.0,188.8,0.0,0,0.0,22.8,0,0,0,0,0.0,0.0,0.0,0.0,2.88,4.47,7.35,34.05,28,65,81,120,266,10.11,,62,18,8,8,90,56,26,21,1.0,,1.0,,,,0.11,0.0,0.17,0.28,1.29,1.37,91,58,518,208,19,8,188,64,1.06,0.27
William Saliba,Arsenal,DEF,6.0,137,0,4.4,0.4,1,0,2614,15,20,0,0,0,0,2,0,12,552.6,201.0,90.0,84.3,0.0,0,0.0,22.8,0,0,0,0,0.0,0.0,0.0,0.0,0.88,1.21,2.09,20.41,30,35,158,113,193,6.64,Back injury - Unknown return date,92,41,167,41,245,76,164,57,,,,,,,0.03,0.0,0.04,0.07,0.7,0.69,88,9,515,190,34,13,285,106,1.03,0.52
Trevoh Chalobah,Chelsea,DEF,5.5,136,0,4.0,0.7,3,1,2780,9,40,0,0,0,0,3,1,7,719.2,111.2,160.0,99.1,0.0,0,0.0,24.7,0,0,0,0,0.0,0.0,0.0,0.0,1.44,1.03,2.47,40.83,31,35,230,119,265,8.58,Has joined Como permanently,43,17,231,70,188,50,132,41,,,,,,,0.05,0.0,0.03,0.08,1.32,1.29,125,12,384,163,54,22,229,86,1.0,0.29
Dango O.Dango,Brentford,MID,6.5,136,0,4.2,1.4,7,8,2271,6,35,0,0,0,0,5,0,16,509.8,422.8,702.0,162.8,0.0,0,0.0,20.9,0,0,0,0,0.0,0.0,0.0,0.0,7.94,4.12,12.06,34.75,25,24,76,85,185,7.33,,112,38,65,50,23,10,42,29,4.0,,,,,,0.31,0.0,0.16,0.47,1.38,1.39,53,37,560,240,44,20,167,53,0.99,0.24
Robin Roefs,Sunderland,GKP,5.0,136,0,3.9,4.8,0,0,3150,10,46,0,1,0,109,4,0,12,881.6,50.0,0.0,93.1,0.0,0,0.0,27.2,0,0,0,0,0.0,0.0,0.0,0.0,0.0,0.1,0.1,50.05,35,0,37,333,0,0.0,,16,5,283,2,532,63,146,4,,,,,,,0.0,3.11,0.0,0.0,1.43,1.31,339,19,316,61,66,6,74,10,1.0,0.29
Alex Scott,Bournemouth,MID,6.0,136,0,3.7,1.5,3,2,2848,11,41,0,0,0,0,5,0,9,597.2,482.0,314.0,139.0,0.0,0,0.0,22.7,0,0,0,0,0.0,0.0,0.0,0.0,3.8,2.94,6.74,47.02,34,60,133,193,386,12.2,,77,25,53,46,91,57,63,41,2.0,,4.0,,,,0.12,0.0,0.09,0.21,1.49,1.3,98,63,525,213,81,35,157,47,1.07,0.35
Daniel Muñoz,Crystal Palace,DEF,5.5,136,0,4.7,10.9,4,4,2400,10,33,0,0,0,0,7,0,9,595.0,396.6,404.0,139.5,0.0,0,0.0,24.7,0,0,0,0,0.0,0.0,0.0,0.0,2.45,3.94,6.39,34.28,29,72,124,97,196,7.35,,79,33,79,19,63,5,62,10,,,,,,,0.09,0.0,0.15,0.24,1.29,1.24,152,18,411,169,17,5,41,15,1.09,0.38
Gianluigi Donnarumma,Man City,GKP,5.5,135,0,4.0,9.7,0,0,3060,15,29,0,1,0,78,8,0,5,666.6,10.3,2.0,68.0,0.0,0,0.0,24.5,0,0,0,0,0.0,0.0,0.0,0.0,0.0,0.13,0.13,38.5,34,0,42,236,0,0.0,,56,14,338,7,358,4,204,14,,,,,,,0.0,2.29,0.0,0.0,1.13,0.85,134,4,393,65,55,4,45,6,1.0,0.44
Rayan Cherki,Man City,MID,7.5,135,0,4.1,7.9,4,13,1772,8,18,0,0,0,0,1,0,16,604.2,996.6,579.0,218.1,0.0,0,0.0,18.0,0,0,0,0,0.0,0.0,0.0,0.0,4.28,8.87,13.14,25.23,19,26,16,93,135,6.86,,73,23,5,5,34,20,13,10,1.0,,1.0,,,,0.22,0.0,0.45,0.67,1.28,0.91,18,11,576,252,49,23,55,19,0.97,0.41
Mateus Fernandes,Spurs,MID,6.0,135,0,3.8,2.4,3,4,3017,8,50,0,0,0,0,7,0,7,657.2,622.8,183.0,146.3,0.0,0,0.0,22.5,0,0,0,0,0.0,0.0,0.0,0.0,1.99,2.96,4.95,48.3,35,103,84,182,369,11.01,,59,16,30,29,171,90,55,35,,,,,,,0.06,0.0,0.09,0.15,1.44,1.49,103,67,530,217,74,33,119,38,1.04,0.24
Jordan Pickford,Everton,GKP,5.5,135,0,3.6,8.5,0,0,3420,11,50,0,1,0,100,4,0,11,885.2,20.3,2.0,90.8,0.0,0,0.0,24.5,0,0,0,0,0.0,0.0,0.0,0.0,0.0,0.2,0.2,56.24,38,2,52,313,0,0.0,,15,4,323,6,357,3,149,5,,,,,,,0.0,2.63,0.01,0.01,1.48,1.32,115,2,374,63,92,9,54,7,1.0,0.29
Tyrick Mitchell,Crystal Palace,DEF,4.5,135,0,3.6,6.7,1,3,3253,12,47,0,0,0,0,6,0,8,649.0,467.3,241.0,136.0,0.0,0,0.0,30.0,0,0,0,0,0.0,0.0,0.0,0.0,1.59,2.53,4.12,49.78,36,100,145,187,245,6.78,,64,28,56,9,124,24,70,14,,,,,,,0.04,0.0,0.07,0.11,1.38,1.3,450,115,128,87,85,33,60,24,1.0,0.33
Ethan Ampadu,Leeds,MID,5.5,134,0,3.8,1.5,1,4,3119,8,49,0,0,0,0,10,0,11,592.2,384.8,166.0,114.7,0.0,0,0.0,24.4,0,0,0,0,0.0,0.0,0.0,0.0,2.47,2.2,4.67,48.66,35,81,151,184,416,12.0,,80,26,86,64,181,99,97,56,,,,,,,0.07,0.0,0.06,0.13,1.4,1.41,130,81,389,132,72,32,161,49,1.01,0.23
Martín Zubimendi,Arsenal,MID,5.5,133,0,3.5,1.3,5,1,2991,16,25,0,0,0,0,4,0,9,603.2,385.1,271.0,126.2,0.0,0,0.0,24.2,0,0,0,0,0.0,0.0,0.0,0.0,2.84,2.27,5.11,26.09,34,68,123,116,307,9.24,,74,24,85,63,110,64,78,49,,,,,,,0.09,0.0,0.07,0.16,0.79,0.75,186,114,445,165,107,42,172,57,1.02,0.48
Phil Foden,Man City,MID,7.0,131,0,4.0,4.8,7,5,2078,11,19,0,0,0,0,4,0,13,583.2,918.8,520.0,201.9,0.0,0,0.0,18.7,0,0,0,0,0.0,0.0,0.0,0.0,6.03,4.76,10.79,27.38,23,34,24,102,160,6.93,,81,27,9,9,40,24,23,19,3.0,,3.0,,,,0.26,0.0,0.21,0.47,1.19,0.82,25,16,565,245,61,28,73,26,1.0,0.48
Michael Keane,Everton,DEF,5.0,131,0,4.0,1.7,3,1,2588,7,42,0,0,0,0,1,1,8,770.4,47.4,299.0,111.7,0.0,0,0.0,26.2,0,0,0,0,0.0,0.0,0.0,0.0,2.3,0.49,2.79,44.52,29,37,265,87,302,10.5,,33,13,288,97,99,14,104,28,,,,,,,0.08,0.0,0.02,0.1,1.55,1.46,232,37,209,120,50,18,143,59,1.01,0.24
Cody Gakpo,Liverpool,MID,7.0,131,0,3.6,3.7,7,5,2736,10,39,0,0,0,0,3,0,5,540.4,714.7,831.0,208.4,0.0,0,0.0,18.7,0,0,0,0,0.0,0.0,0.0,0.0,8.35,4.67,13.02,34.94,32,28,37,87,152,5.0,,97,29,23,22,10,5,18,14,2.0,,,,3.0,,0.27,0.0,0.15,0.42,1.15,1.28,26,17,566,246,96,41,86,30,1.05,0.33
Dean Henderson,Crystal Palace,GKP,5.0,131,0,3.5,3.2,0,0,3330,11,51,0,1,0,106,5,0,7,837.8,10.0,0.0,84.7,0.0,0,0.0,26.2,0,0,0,0,0.0,0.0,0.0,0.0,0.0,0.11,0.11,51.4,37,1,55,298,0,0.0,,22,6,343,12,497,55,160,7,,,,,,,0.0,2.86,0.0,0.0,1.39,1.38,249,10,226,52,100,10,96,17,1.0,0.3
Bart Verbruggen,Brighton,GKP,4.5,130,0,3.4,19.1,0,0,3420,10,46,1,1,0,106,3,0,6,935.0,10.0,0.0,94.7,0.0,0,0.0,28.9,0,0,0,0,0.0,0.0,0.0,0.0,0.0,0.06,0.06,49.06,38,1,32,332,0,0.0,,9,2,341,10,455,45,141,2,,,,,,,0.0,2.79,0.0,0.0,1.29,1.21,473,41,151,41,109,12,19,4,1.0,0.26
Nathan Collins,Brentford,DEF,5.5,129,0,3.7,2.0,1,2,2971,9,44,1,0,0,0,7,0,7,848.6,143.8,325.0,131.9,0.0,0,0.0,23.5,0,0,0,0,0.0,0.0,0.0,0.0,2.24,1.71,3.95,47.52,32,32,287,139,319,9.66,,20,8,206,54,86,10,73,16,,,,,,,0.07,0.0,0.05,0.12,1.44,1.33,157,19,416,170,79,32,131,54,0.97,0.27
Chris Richards,Crystal Palace,DEF,5.0,128,0,3.9,0.8,1,0,2825,11,42,0,0,0,0,4,0,5,727.2,159.6,185.0,107.6,0.0,0,0.0,25.6,0,0,0,0,0.0,0.0,0.0,0.0,2.42,1.56,3.98,41.19,31,54,257,65,311,9.91,,40,16,196,51,167,47,109,31,,,,,,,0.08,0.0,0.05,0.13,1.31,1.34,294,53,271,136,65,25,209,77,0.99,0.35
Viktor Gyökeres,Arsenal,FWD,7.5,128,0,3.6,10.9,14,1,2217,12,14,0,0,0,0,5,0,16,539.6,271.7,772.0,157.5,0.0,0,0.0,17.1,0,0,0,0,0.0,0.0,0.0,0.0,12.26,1.94,14.19,17.81,26,7,23,55,85,3.45,,99,9,133,11,19,11,46,8,,,,,2.0,,0.5,0.0,0.08,0.58,0.72,0.57,15,6,573,64,97,10,42,8,1.06,0.49
Neco N.Williams,Nott'm Forest,DEF,5.0,128,0,3.5,11.2,2,3,3203,9,48,0,0,0,0,6,1,15,804.0,572.3,380.0,175.6,0.0,0,0.0,25.6,0,0,0,0,0.0,0.0,0.0,0.0,2.01,3.97,5.98,51.36,36,96,151,164,247,6.94,,30,11,38,3,70,7,32,3,1.0,,2.0,,,,0.06,0.0,0.11,0.17,1.44,1.35,269,45,246,128,101,40,39,14,1.01,0.25
Iliman Ndiaye,Everton,MID,6.0,128,0,4.0,15.7,6,3,2781,8,44,0,0,0,0,2,0,7,605.8,479.2,578.0,166.5,0.0,0,0.0,21.3,0,0,0,0,0.0,0.0,0.0,0.0,6.68,4.41,11.09,42.68,32,67,38,178,283,9.16,,72,22,54,47,35,21,36,26,,,,,1.0,,0.22,0.0,0.14,0.36,1.38,1.42,81,52,508,202,58,25,24,7,1.04,0.26
Brenden Aaronson,Leeds,MID,5.5,126,0,3.4,0.9,4,8,2449,9,32,0,0,0,0,3,0,5,482.8,486.7,498.0,146.7,0.0,0,0.0,22.9,0,0,0,0,0.0,0.0,0.0,0.0,4.53,3.6,8.13,37.07,30,50,36,130,216,7.94,,119,42,51,45,43,26,54,34,,,3.0,,,,0.17,0.0,0.13,0.3,1.36,1.18,154,96,413,147,115,45,196,66,1.1,0.33
Danny Welbeck,Chelsea,FWD,6.0,126,0,3.4,2.2,13,1,2249,10,28,0,0,2,0,5,0,18,578.8,309.7,803.0,168.2,0.0,0,0.0,21.0,0,0,0,0,0.0,0.0,0.0,0.0,12.36,1.4,13.76,31.68,26,24,39,49,112,4.48,,84,7,119,9,15,8,35,6,,,,,,,0.49,0.0,0.06,0.55,1.27,1.12,57,13,484,44,119,11,120,15,1.04,0.4
Malick Thiaw,Newcastle,DEF,5.0,126,0,3.6,1.9,4,0,2963,5,52,0,0,0,0,4,0,12,868.0,114.3,409.0,138.9,0.0,0,0.0,25.2,0,0,0,0,0.0,0.0,0.0,0.0,4.8,0.96,5.76,49.21,33,44,248,118,292,8.87,,17,6,228,67,61,4,64,11,,,,,,,0.15,0.0,0.03,0.18,1.49,1.58,315,60,292,143,88,35,134,55,1.0,0.15
Pedro Neto,Chelsea,MID,6.5,125,0,3.7,1.3,5,7,2629,11,33,0,0,0,0,2,1,9,523.0,836.2,505.0,186.7,0.0,0,0.0,19.2,0,0,0,0,0.0,0.0,0.0,0.0,4.59,6.84,11.43,37.54,30,19,19,84,122,4.18,,110,36,14,13,41,25,29,23,2.0,,4.0,,,,0.16,0.0,0.23,0.39,1.29,1.13,42,29,549,232,83,37,171,56,1.03,0.38
Hugo Ekitiké,Liverpool,FWD,7.5,125,0,4.5,0.2,11,4,1797,7,25,0,0,0,0,0,0,22,525.8,307.2,739.0,156.2,0.0,0,0.0,16.7,0,0,0,0,0.0,0.0,0.0,0.0,10.1,2.45,12.55,26.11,21,11,32,42,85,4.26,Achilles injury - Unknown return date,109,10,121,10,21,12,47,9,,,,,,,0.51,0.0,0.12,0.63,1.31,1.25,21,8,579,66,28,4,353,59,1.05,0.35
Omar Alderete,Sunderland,DEF,5.0,125,0,3.8,0.4,1,1,2797,10,40,0,0,0,0,6,0,5,749.0,138.1,279.0,117.0,0.0,0,0.0,25.0,0,0,0,0,0.0,0.0,0.0,0.0,1.62,0.91,2.52,44.52,32,32,280,103,312,10.04,Knock - 75% chance of playing,36,14,208,55,108,18,94,26,,,,,,,0.05,0.0,0.03,0.08,1.43,1.29,257,42,234,125,70,26,281,105,1.03,0.32
Florian Wirtz,Liverpool,MID,7.5,125,0,3.8,14.7,5,4,2374,10,32,0,0,0,0,1,0,17,526.4,908.2,665.0,210.0,0.0,0,0.0,16.7,0,0,0,0,0.0,0.0,0.0,0.0,6.83,5.14,11.96,33.99,27,34,26,116,176,6.67,,107,35,10,10,25,12,16,12,3.0,,2.0,,4.0,,0.26,0.0,0.19,0.45,1.29,1.21,20,12,578,253,75,34,29,9,1.02,0.38
Kevin Schade,Brentford,MID,6.0,125,0,3.6,3.2,8,5,2744,11,34,0,0,1,0,6,1,5,536.8,380.1,821.0,172.8,0.0,0,0.0,20.8,0,0,0,0,0.0,0.0,0.0,0.0,12.08,2.05,14.13,40.05,32,42,54,94,190,6.23,,100,31,89,66,12,7,33,25,,,,,2.0,,0.4,0.0,0.07,0.47,1.31,1.12,100,65,527,215,94,40,95,33,1.05,0.36
Đorđe Petrović,Bournemouth,GKP,4.5,124,0,3.3,3.6,0,0,3420,11,54,1,0,0,109,3,0,5,822.6,0.0,0.0,82.4,0.0,0,0.0,27.6,0,0,0,0,0.0,0.0,0.0,0.0,0.0,0.0,0.0,56.72,38,0,62,285,0,0.0,,26,7,462,48,448,41,167,8,,,,,,,0.0,2.87,0.0,0.0,1.49,1.42,460,37,138,37,126,16,88,14,1.0,0.29
Granit Xhaka,Sunderland,MID,5.5,124,0,3.6,4.7,1,6,2901,9,39,0,0,0,0,8,0,8,685.0,595.3,101.0,138.1,0.0,0,0.0,22.5,0,0,0,0,0.0,0.0,0.0,0.0,1.01,3.73,4.74,45.68,32,50,134,178,362,11.23,,51,14,36,35,232,125,65,42,2.0,,1.0,,,,0.03,0.0,0.12,0.15,1.42,1.21,113,74,372,125,91,38,76,27,0.99,0.28
Joachim Andersen,Fulham,DEF,5.0,123,0,3.7,0.0,0,1,2882,8,45,0,0,0,0,7,1,8,790.6,131.0,148.0,107.0,0.0,0,0.0,24.6,0,0,0,0,0.0,0.0,0.0,0.0,1.43,1.83,3.26,44.88,33,45,284,114,329,10.27,Suspended until 30 Aug,31,12,215,59,195,53,112,33,,,,,,,0.04,0.0,0.06,0.1,1.4,1.41,250,41,227,124,78,31,495,168,1.03,0.25
Bernd Leno,Fulham,GKP,4.5,122,0,3.2,3.3,0,0,3420,9,51,1,0,0,98,3,0,8,816.2,0.0,0.0,81.5,0.0,0,0.0,27.1,0,0,0,0,0.0,0.0,0.0,0.0,0.0,0.02,0.02,52.73,38,4,46,318,0,0.0,,29,9,440,36,423,27,170,9,,,,,,,0.0,2.58,0.0,0.0,1.39,1.34,396,23,74,23,138,18,91,15,1.0,0.24
Jérémy Doku,Man City,MID,7.5,120,0,4.0,6.4,5,8,1773,8,18,0,0,0,0,0,0,15,540.2,841.6,645.0,202.5,0.0,0,0.0,16.0,0,0,0,0,0.0,0.0,0.0,0.0,2.87,5.86,8.73,23.2,19,23,15,88,126,6.4,,98,30,13,12,27,13,21,17,,,,,4.0,,0.15,0.0,0.3,0.45,1.18,0.91,17,10,575,251,62,29,61,21,0.96,0.41
Emiliano Martinez,Aston Villa,GKP,5.0,120,0,3.8,4.8,0,1,2835,7,39,0,1,0,95,2,0,11,769.8,23.2,0.0,79.2,0.0,0,0.0,24.0,0,0,0,0,0.0,0.0,0.0,0.0,0.0,0.08,0.08,42.92,32,0,27,272,0,0.0,,34,10,319,4,489,52,175,10,,,,,,,0.0,3.02,0.0,0.0,1.36,1.24,231,7,208,49,69,7,75,11,1.02,0.22
Nikola Milenković,Nott'm Forest,DEF,5.5,119,0,3.1,2.2,0,1,3375,9,51,1,0,0,0,6,0,2,680.4,66.9,120.0,86.9,0.0,0,0.0,21.6,0,0,0,0,0.0,0.0,0.0,0.0,0.83,0.68,1.51,54.98,37,30,281,107,311,8.29,,53,23,266,88,217,62,154,51,,,,,,,0.02,0.0,0.02,0.04,1.47,1.36,146,17,405,168,160,66,121,50,0.99,0.24
Richarlison Richarlison,Spurs,FWD,6.0,119,0,3.7,2.6,11,4,1954,7,27,0,0,0,0,5,0,17,602.6,239.6,815.0,165.2,0.0,0,0.0,19.8,0,0,0,0,0.0,0.0,0.0,0.0,8.64,1.46,10.1,25.64,20,27,60,60,147,6.77,,75,6,144,13,13,6,39,7,,,,,4.0,,0.4,0.0,0.07,0.47,1.18,1.24,71,18,498,49,80,7,114,14,0.92,0.32
Ferdi F.Kadıoğlu,Brighton,DEF,4.5,118,0,3.2,3.1,1,2,3130,10,41,0,0,0,0,6,0,7,505.0,444.8,284.0,123.7,0.0,0,0.0,26.2,0,0,0,0,0.0,0.0,0.0,0.0,2.06,3.31,5.37,44.61,34,57,113,130,170,4.89,,113,48,62,13,104,17,83,20,3.0,,,,,,0.06,0.0,0.1,0.16,1.28,1.18,440,108,118,80,141,55,98,36,0.98,0.29
Yankuba Minteh,Brighton,MID,6.0,117,0,3.4,0.3,3,8,2389,11,33,0,0,0,0,3,0,9,491.8,691.4,617.0,180.3,0.0,0,0.0,19.5,0,0,0,0,0.0,0.0,0.0,0.0,3.81,5.06,8.87,34.09,26,56,33,96,185,6.97,Leg injury - Expected back 28 Nov,116,40,25,24,28,14,30,24,5.0,,,,,,0.14,0.0,0.19,0.33,1.28,1.24,106,68,533,218,121,49,304,99,0.98,0.41
Ismaïla Sarr,Crystal Palace,MID,6.5,117,0,4.2,6.4,9,2,2173,9,29,0,0,0,0,2,0,9,479.8,269.4,601.0,135.1,0.0,0,0.0,18.0,0,0,0,0,0.0,0.0,0.0,0.0,10.93,1.17,12.09,31.25,24,18,40,79,137,5.67,,121,43,134,91,32,18,71,44,,,,,2.0,,0.45,0.0,0.05,0.5,1.29,1.2,40,27,547,230,43,19,62,22,0.99,0.37
Pedro Pedro Porro,Spurs,DEF,5.5,117,0,3.4,23.0,1,3,2793,9,40,0,0,0,0,10,0,8,690.2,881.7,202.0,177.5,0.0,0,0.0,21.3,0,0,0,0,0.0,0.0,0.0,0.0,1.05,4.37,5.42,37.75,32,76,142,132,218,7.02,,49,21,11,1,154,39,31,2,1.0,,1.0,,,,0.03,0.0,0.14,0.17,1.22,1.29,162,20,421,171,117,46,12,3,1.03,0.29
Matty Cash,Aston Villa,DEF,4.5,117,0,3.3,8.6,3,3,3016,8,38,0,0,0,0,9,0,7,643.0,510.7,221.0,137.5,0.0,0,0.0,26.0,0,0,0,0,0.0,0.0,0.0,0.0,1.14,2.94,4.08,45.45,34,66,120,88,186,5.55,,65,29,49,6,136,28,67,13,1.0,,,,,,0.03,0.0,0.09,0.12,1.36,1.13,424,95,102,67,125,48,53,21,1.01,0.24
Micky Van de Ven,Spurs,DEF,5.0,116,0,3.3,7.3,4,1,3041,9,50,0,0,0,0,9,1,10,683.4,95.2,218.0,99.6,0.0,0,0.0,23.2,0,0,0,0,0.0,0.0,0.0,0.0,2.82,0.38,3.2,42.99,35,38,174,121,212,6.27,,52,22,240,77,142,31,130,39,,,,,,,0.08,0.0,0.01,0.09,1.27,1.48,334,67,311,150,129,51,57,23,1.04,0.27
Daniel Ballard,Sunderland,DEF,5.0,116,0,4.0,4.7,2,2,2144,6,35,0,0,0,0,4,1,9,662.8,181.2,370.0,121.5,0.0,0,0.0,23.2,0,0,0,0,0.0,0.0,0.0,0.0,2.46,0.63,3.09,33.2,24,33,231,69,264,11.08,,57,24,183,47,72,8,86,22,,,,,,,0.1,0.0,0.03,0.13,1.39,1.47,279,51,256,134,52,20,77,28,1.01,0.25
Jake O'Brien,Everton,DEF,5.0,116,0,3.1,0.5,1,3,3118,10,46,0,0,0,0,6,1,2,582.8,282.9,206.0,107.5,0.0,0,0.0,23.2,0,0,0,0,0.0,0.0,0.0,0.0,1.67,1.0,2.67,53.49,35,57,174,114,231,6.67,,82,34,130,32,148,36,111,32,,,,,,,0.05,0.0,0.03,0.08,1.54,1.33,349,71,326,154,159,65,252,94,1.01,0.29
Francisco Evanilson Evanilson,Bournemouth,FWD,6.0,115,0,3.2,2.2,6,7,2741,11,40,0,0,0,0,2,0,6,350.6,397.9,809.0,155.5,0.0,0,0.0,19.2,0,0,0,0,0.0,0.0,0.0,0.0,10.64,1.48,12.12,39.02,32,13,42,80,135,4.43,,171,15,78,2,14,7,48,10,,,,,,,0.35,0.0,0.05,0.4,1.28,1.31,84,22,511,53,152,13,124,16,1.05,0.36
Reece James,Chelsea,DEF,5.5,115,0,4.0,8.9,2,6,1957,8,20,0,0,0,0,4,0,11,459.0,483.7,116.0,106.1,0.0,0,0.0,20.9,0,0,0,0,0.0,0.0,0.0,0.0,1.04,3.2,4.24,28.75,20,48,80,101,128,5.89,,128,53,52,7,221,64,116,35,1.0,,1.0,,,,0.05,0.0,0.15,0.2,1.32,0.92,144,16,403,167,56,23,52,20,0.92,0.37
Keane Lewis-Potter,Brentford,MID,5.5,115,0,3.2,0.5,3,4,1960,9,32,0,0,0,0,1,0,5,378.2,332.2,353.0,106.4,0.0,0,0.0,20.9,0,0,0,0,0.0,0.0,0.0,0.0,3.01,2.51,5.52,33.74,22,23,51,96,74,3.4,,159,63,106,76,75,46,114,64,,,1.0,,,,0.14,0.0,0.12,0.26,1.55,1.47,153,95,412,146,148,58,264,84,1.01,0.41
Jean-Philippe Mateta,Crystal Palace,FWD,6.5,114,0,3.6,6.1,12,0,2210,8,29,0,0,0,0,2,0,13,567.2,160.6,786.0,150.8,0.0,0,0.0,17.5,0,0,0,0,0.0,0.0,0.0,0.0,14.42,1.32,15.74,31.77,25,10,58,57,125,5.09,,87,8,191,18,18,10,51,11,,,,,1.0,,0.59,0.0,0.05,0.64,1.29,1.18,39,11,546,59,95,9,63,10,1.02,0.33
Cole Palmer,Chelsea,MID,9.5,114,0,4.4,10.6,10,2,1954,3,33,0,0,1,0,5,0,11,536.6,393.6,547.0,147.7,0.0,0,0.0,12.0,0,0,0,0,0.0,0.0,0.0,0.0,10.55,2.49,13.04,31.13,24,25,27,83,135,6.22,,101,32,83,61,39,23,52,32,,,3.0,,1.0,,0.49,0.0,0.11,0.6,1.43,1.52,4,3,590,260,37,16,43,15,1.11,0.14
Igor Jesus Igor Jesus,Nott'm Forest,FWD,6.0,114,0,3.1,5.2,6,6,2293,9,37,0,0,0,0,2,0,13,420.6,240.7,726.0,136.4,0.0,0,0.0,19.0,0,0,0,0,0.0,0.0,0.0,0.0,6.48,1.26,7.74,38.77,28,24,38,61,123,4.83,,145,14,142,12,22,13,69,13,,,,,3.0,,0.25,0.0,0.05,0.3,1.52,1.45,93,24,520,55,162,15,71,11,1.1,0.35
Eberechi Eze,Arsenal,MID,6.5,113,0,3.4,2.5,7,3,1885,11,14,0,0,0,0,1,0,8,393.4,305.7,455.0,115.1,0.0,0,0.0,17.4,0,0,0,0,0.0,0.0,0.0,0.0,5.18,2.66,7.84,14.21,22,19,22,79,120,5.73,,156,61,123,85,47,28,95,54,,,3.0,,,,0.25,0.0,0.13,0.38,0.68,0.67,41,28,548,231,122,50,117,36,1.05,0.53
Michael Kayode,Brentford,DEF,4.5,113,0,3.1,3.5,1,2,3258,10,49,1,0,0,0,8,0,9,613.8,470.2,130.0,121.7,0.0,0,0.0,25.1,0,0,0,0,0.0,0.0,0.0,0.0,1.28,2.89,4.17,52.65,37,68,151,163,219,6.05,,71,30,55,8,207,57,84,21,,,,,,,0.04,0.0,0.08,0.12,1.45,1.35,515,143,193,115,157,64,90,33,1.02,0.28
Robert Sánchez,Chelsea,GKP,5.0,113,0,3.2,2.2,0,1,3040,9,49,0,0,0,98,3,1,7,822.2,50.0,0.0,86.7,0.0,0,0.0,22.6,0,0,0,0,0.0,0.0,0.0,0.0,0.0,0.04,0.04,48.64,35,2,27,302,0,0.0,,27,8,282,1,503,57,156,6,,,,,,,0.0,2.9,0.0,0.0,1.44,1.45,268,12,245,54,145,19,123,19,1.04,0.27
Sepp Van den Berg,Brentford,DEF,5.0,113,0,3.5,0.4,0,3,2761,8,41,0,0,0,0,2,0,3,659.0,98.0,305.0,106.3,0.0,0,0.0,22.6,0,0,0,0,0.0,0.0,0.0,0.0,3.36,1.45,4.81,41.59,30,23,249,109,272,8.87,Unspecified injury - Unknown return date,58,25,239,76,97,13,115,34,,,,,,,0.11,0.0,0.05,0.16,1.36,1.34,303,57,280,140,103,42,278,103,0.98,0.26
Mikkel Damsgaard,Brentford,MID,5.5,113,0,3.4,0.6,4,4,2046,5,32,0,0,0,0,0,0,9,530.6,691.3,326.0,155.0,0.0,0,0.0,20.5,0,0,0,0,0.0,0.0,0.0,0.0,2.61,5.43,8.04,31.55,24,57,45,139,241,10.6,,106,34,26,25,85,53,49,31,3.0,,3.0,,,,0.11,0.0,0.24,0.35,1.39,1.41,161,101,420,152,116,46,242,79,1.06,0.22
Luke Shaw,Man Utd,DEF,4.5,113,0,3.0,22.4,1,1,3220,10,45,0,0,0,0,9,0,3,560.2,314.8,97.0,97.4,0.0,0,0.0,25.1,0,0,0,0,0.0,0.0,0.0,0.0,0.72,1.98,2.69,44.9,38,75,149,105,224,6.26,,90,39,115,28,233,70,137,45,3.0,,,,,,0.02,0.0,0.06,0.08,1.25,1.26,403,83,81,55,165,68,13,4,1.06,0.28
Junior Kroupi.Jr,Bournemouth,MID,7.5,113,0,3.4,1.5,13,0,1663,10,21,0,0,0,0,5,0,13,532.2,306.9,563.0,139.9,0.0,0,0.0,15.1,0,0,0,0,0.0,0.0,0.0,0.0,8.31,1.51,9.82,25.91,21,9,42,61,112,6.06,Foot injury - Unknown return date,103,33,122,84,37,22,60,39,,,,,1.0,,0.45,0.0,0.08,0.53,1.4,1.14,22,13,580,254,123,51,160,48,1.14,0.54
Rúben Rúben,Man City,DEF,5.5,113,0,4.3,1.6,2,0,2139,12,22,0,0,0,0,3,0,4,560.8,152.2,96.0,81.0,0.0,0,0.0,20.5,0,0,0,0,0.0,0.0,0.0,0.0,0.57,0.65,1.22,26.07,24,13,154,74,167,7.03,,89,38,205,53,237,73,172,60,,,,,,,0.02,0.0,0.03,0.05,1.1,0.93,121,11,380,162,38,14,153,62,1.01,0.5
Adam Wharton,Crystal Palace,MID,5.5,112,0,3.3,0.6,1,6,2552,8,43,0,0,0,0,4,1,8,494.4,720.0,180.0,139.6,0.0,0,0.0,20.4,0,0,0,0,0.0,0.0,0.0,0.0,1.52,7.47,8.98,39.08,29,70,70,163,303,10.69,,115,39,21,20,174,93,61,40,1.0,,,,,,0.05,0.0,0.26,0.31,1.38,1.52,192,118,451,169,132,54,237,78,1.02,0.28
Benjamin Šeško,Man Utd,FWD,7.0,111,0,3.7,1.6,11,2,1630,2,30,0,0,0,0,2,0,19,483.8,156.1,803.0,143.4,0.0,0,0.0,15.9,0,0,0,0,0.0,0.0,0.0,0.0,9.21,0.28,9.48,27.05,17,5,20,39,64,3.53,Shin injury - 75% chance of playing,118,11,199,21,16,9,56,12,,,,,,,0.51,0.0,0.02,0.53,1.49,1.66,30,10,570,62,84,8,148,22,0.94,0.11
Diogo Dalot,Man Utd,DEF,5.0,111,0,3.3,3.0,1,6,2609,7,40,0,0,0,0,5,0,9,535.8,458.5,202.0,119.6,0.0,0,0.0,22.2,0,0,0,0,0.0,0.0,0.0,0.0,1.93,2.57,4.5,36.57,29,53,127,135,180,6.21,,102,45,57,10,153,38,90,24,,,,,,,0.07,0.0,0.09,0.16,1.26,1.38,270,46,247,129,128,50,104,41,1.0,0.24
Trai Hume,Sunderland,DEF,4.5,110,0,2.9,6.0,2,1,3032,9,42,1,0,0,0,9,0,6,547.8,421.3,248.0,120.9,0.0,0,0.0,24.4,0,0,0,0,0.0,0.0,0.0,0.0,2.27,2.05,4.32,47.27,34,68,135,102,203,6.03,,94,43,68,15,116,20,88,23,3.0,,,,,,0.07,0.0,0.06,0.13,1.4,1.25,472,128,150,100,183,76,64,25,1.01,0.27
Moisés Caicedo,Chelsea,MID,5.5,110,0,3.3,3.9,3,1,2796,6,47,0,0,0,0,11,1,10,562.4,403.1,128.0,109.2,0.0,0,0.0,20.0,0,0,0,0,0.0,0.0,0.0,0.0,1.45,2.38,3.83,42.54,32,87,102,177,366,11.78,,88,28,75,57,208,115,107,62,,,,,,,0.05,0.0,0.08,0.13,1.37,1.51,189,116,448,167,131,53,84,29,1.03,0.19
James Hill,Bournemouth,DEF,5.5,110,0,3.8,1.0,0,3,2102,8,24,2,0,0,0,5,0,4,579.4,161.7,119.0,86.3,0.0,0,0.0,20.0,0,0,0,0,0.0,0.0,0.0,0.0,0.89,1.16,2.04,33.42,22,39,221,74,260,11.13,,83,35,189,48,218,63,157,53,,,,,,,0.04,0.0,0.05,0.09,1.43,1.03,174,24,433,175,73,28,189,68,0.94,0.34
Joe Rodon,Leeds,DEF,4.5,109,0,3.1,2.6,2,0,2952,6,53,0,0,0,0,3,0,5,707.2,137.3,242.0,109.1,0.0,0,0.0,24.2,0,0,0,0,0.0,0.0,0.0,0.0,1.4,0.56,1.96,48.54,33,37,237,85,274,8.35,,45,18,210,56,122,22,108,30,,,,,,,0.04,0.0,0.02,0.06,1.48,1.62,429,98,107,70,155,62,113,47,1.01,0.18
Riccardo Calafiori,Arsenal,DEF,5.5,109,0,4.2,27.2,1,2,1697,13,8,0,0,0,0,5,0,6,283.0,182.3,313.0,77.9,0.0,0,0.0,19.8,0,0,0,0,0.0,0.0,0.0,0.0,3.36,0.76,4.12,9.72,22,32,70,74,102,5.41,,211,80,182,46,93,12,178,62,,,,,,,0.18,0.0,0.04,0.22,0.52,0.42,178,25,437,176,41,16,9,2,1.17,0.69
Noah Okafor,Leeds,MID,6.0,109,0,3.9,0.6,8,3,1553,6,26,0,0,0,0,3,0,11,438.8,275.0,435.0,115.0,0.0,0,0.0,18.2,0,0,0,0,0.0,0.0,0.0,0.0,5.25,1.32,6.57,24.54,19,23,29,61,113,6.55,,135,48,131,89,52,31,96,55,,,,,,,0.3,0.0,0.08,0.38,1.42,1.51,79,51,506,201,67,30,243,80,1.1,0.35
Senne Lammens,Man Utd,GKP,5.0,109,0,3.4,18.4,0,0,2880,8,39,0,0,0,79,0,0,11,635.6,0.0,2.0,63.7,0.0,0,0.0,21.8,0,0,0,0,0.0,0.0,0.0,0.0,0.0,0.0,0.0,39.25,32,1,26,224,0,0.0,,66,15,527,64,355,2,213,15,,,,,,,0.0,2.47,0.0,0.0,1.23,1.22,314,17,291,59,113,15,20,5,1.0,0.25
Pascal Struijk,Brighton,DEF,5.0,108,0,3.2,0.3,0,1,2935,7,48,0,0,0,0,5,0,4,697.4,161.5,272.0,113.1,0.0,0,0.0,21.6,0,0,0,0,0.0,0.0,0.0,0.0,3.06,0.76,3.82,42.92,33,39,258,117,297,9.11,Knock - 75% chance of playing,47,19,190,49,109,19,101,27,,,,,,,0.09,0.0,0.02,0.11,1.32,1.47,278,50,255,133,146,58,309,115,1.01,0.21
Alexis Mac Allister,Liverpool,MID,5.5,108,0,2.9,1.8,2,5,2654,7,41,0,0,0,0,7,0,9,475.4,562.2,365.0,139.9,0.0,0,0.0,19.6,0,0,0,0,0.0,0.0,0.0,0.0,3.89,1.69,5.58,36.97,31,53,64,112,229,7.77,,123,44,40,37,73,44,59,38,,,,,5.0,,0.13,0.0,0.06,0.19,1.25,1.39,149,93,408,144,184,69,139,42,1.05,0.24
Nick Woltemade,Newcastle,FWD,6.0,108,0,3.3,1.7,8,4,1896,8,29,1,0,0,0,0,0,12,447.2,314.4,425.0,117.5,0.0,0,0.0,18.0,0,0,0,0,0.0,0.0,0.0,0.0,6.59,1.53,8.12,25.67,24,24,28,53,105,4.98,,130,12,116,7,56,21,93,15,,,,,1.0,,0.31,0.0,0.07,0.38,1.22,1.38,92,23,519,54,135,12,145,21,1.14,0.38
Harvey Barnes,Newcastle,MID,6.0,106,0,2.9,1.2,7,1,1951,5,31,0,0,0,0,1,0,9,404.0,387.5,682.0,147.0,0.0,0,0.0,17.7,0,0,0,0,0.0,0.0,0.0,0.0,6.84,2.72,9.56,30.3,19,13,20,67,100,4.61,,151,58,84,62,24,11,53,33,,,,,,,0.32,0.0,0.13,0.45,1.4,1.43,67,45,494,195,185,70,181,61,0.88,0.23
Matz Sels,Nott'm Forest,GKP,5.0,105,0,3.4,1.6,0,0,2667,7,39,0,1,0,95,2,0,3,730.0,10.0,0.0,74.0,0.0,0,0.0,21.0,0,0,0,0,0.0,0.0,0.0,0.0,0.0,0.06,0.06,45.12,30,1,26,197,0,0.0,,39,11,342,11,488,51,186,11,,,,,,,0.0,3.21,0.0,0.0,1.52,1.32,227,5,204,47,110,13,155,23,1.01,0.24
Yehor Yarmoliuk,Brentford,MID,5.0,104,0,2.8,1.4,1,3,2652,8,42,0,0,0,0,7,0,1,445.0,273.0,117.0,83.4,0.0,0,0.0,20.8,0,0,0,0,0.0,0.0,0.0,0.0,1.22,1.39,2.61,40.31,30,69,83,186,338,11.47,,132,47,132,90,219,119,166,81,,,,,,,0.04,0.0,0.05,0.09,1.37,1.43,347,202,324,89,196,73,165,52,1.02,0.27
Norberto Bercique Beto,Everton,FWD,5.5,104,0,2.8,2.9,9,1,1551,5,19,0,0,0,0,3,0,15,445.8,159.8,655.0,124.5,0.0,0,0.0,18.9,0,0,0,0,0.0,0.0,0.0,0.0,8.9,0.23,9.13,24.16,17,14,49,26,89,5.16,,131,13,194,19,26,14,81,14,,,,,4.0,,0.52,0.0,0.01,0.53,1.4,1.1,188,42,447,38,198,19,105,13,0.99,0.29
John McGinn,Aston Villa,MID,5.5,103,0,3.4,3.2,5,4,2136,8,28,0,0,0,0,5,0,6,459.8,605.3,309.0,137.3,0.0,0,0.0,18.7,0,0,0,0,0.0,0.0,0.0,0.0,3.0,4.11,7.11,33.08,28,29,32,89,150,6.32,,127,46,33,32,96,61,68,43,2.0,,,,,,0.13,0.0,0.17,0.3,1.39,1.18,117,76,376,127,114,44,93,32,1.18,0.34
Alex Iwobi,Fulham,MID,5.5,103,0,3.6,1.0,4,3,2420,5,40,0,0,0,0,3,0,13,511.2,739.4,343.0,159.4,0.0,0,0.0,18.7,0,0,0,0,0.0,0.0,0.0,0.0,1.91,4.7,6.61,35.7,29,27,35,126,188,6.99,,111,37,20,19,79,48,45,30,1.0,,1.0,,3.0,,0.07,0.0,0.17,0.24,1.33,1.49,118,77,377,128,93,39,193,65,1.08,0.19
Calvin Bassey,Fulham,DEF,4.5,103,0,3.4,0.7,1,1,2532,7,40,0,0,0,0,5,0,9,574.0,152.2,115.0,84.5,0.0,0,0.0,22.9,0,0,0,0,0.0,0.0,0.0,0.0,1.71,0.35,2.05,38.01,28,62,143,119,205,7.29,,86,37,204,52,222,65,162,56,,,,,,,0.06,0.0,0.01,0.07,1.35,1.42,443,110,121,82,108,45,231,87,1.0,0.25
Emiliano Buendía,Aston Villa,MID,6.0,102,0,2.8,1.3,6,2,1753,3,24,0,0,0,0,6,0,10,427.0,402.1,398.0,121.4,0.0,0,0.0,17.0,0,0,0,0,0.0,0.0,0.0,0.0,3.38,2.23,5.61,28.03,21,49,39,109,197,10.11,,144,55,77,58,67,40,87,51,,,1.0,,1.0,,0.17,0.0,0.11,0.28,1.44,1.23,65,43,492,193,199,75,170,55,1.08,0.15
Ezri Konsa,Aston Villa,DEF,4.5,100,0,2.9,14.9,0,1,3035,9,44,0,0,0,0,0,1,3,601.4,108.3,124.0,84.0,0.0,0,0.0,22.2,0,0,0,0,0.0,0.0,0.0,0.0,1.27,0.59,1.86,48.93,34,22,174,108,196,5.81,,76,31,233,72,210,58,165,58,,,,,,,0.04,0.0,0.02,0.06,1.45,1.3,425,96,103,68,180,74,28,9,1.01,0.27
Lewis Dunk,Brighton,DEF,4.5,100,0,3.0,0.9,1,1,2837,7,40,0,0,0,0,10,0,5,649.6,125.5,210.0,98.7,0.0,0,0.0,22.2,0,0,0,0,0.0,0.0,0.0,0.0,1.83,0.56,2.39,41.9,31,35,196,135,231,7.33,,63,27,221,62,144,33,133,42,,,3.0,,,,0.06,0.0,0.02,0.08,1.33,1.27,398,80,76,52,164,67,201,74,0.98,0.22
Jaka Bijol,Leeds,DEF,5.0,99,0,4.0,0.3,1,3,1888,5,26,0,0,0,0,4,0,6,531.8,84.5,243.0,86.0,0.0,0,0.0,19.8,0,0,0,0,0.0,0.0,0.0,0.0,0.9,0.75,1.65,31.48,21,25,194,63,219,10.44,,104,46,248,81,120,21,159,55,,,,,,,0.04,0.0,0.04,0.08,1.5,1.24,297,54,274,137,53,21,301,112,1.0,0.24
Mathias Jensen,Brentford,MID,5.5,98,0,2.7,0.2,3,2,2239,9,33,0,0,0,0,3,0,1,435.6,632.7,201.0,126.9,0.0,0,0.0,17.8,0,0,0,0,0.0,0.0,0.0,0.0,2.21,6.06,8.27,35.72,26,40,62,118,220,8.84,,140,52,29,28,155,84,77,48,1.0,,2.0,,3.0,,0.09,0.0,0.24,0.33,1.44,1.33,137,85,396,136,209,81,377,139,1.05,0.36
Yasin Ayari,Brighton,MID,5.5,98,0,3.4,0.8,3,4,1921,6,24,0,0,0,0,1,0,7,359.8,251.3,231.0,84.5,0.0,0,0.0,17.8,0,0,0,0,0.0,0.0,0.0,0.0,2.7,1.15,3.85,26.85,20,47,54,124,225,10.54,,169,67,137,94,131,75,163,80,4.0,,2.0,,,,0.13,0.0,0.05,0.18,1.26,1.12,198,123,457,174,118,47,217,71,0.94,0.28
Lucas Digne,Aston Villa,DEF,4.5,97,0,3.1,0.4,0,7,1842,7,23,0,0,0,0,3,0,5,400.2,455.5,130.0,98.5,0.0,0,0.0,21.6,0,0,0,0,0.0,0.0,0.0,0.0,0.67,3.28,3.95,27.79,21,36,77,63,113,5.52,Has joined Paris Saint-Germain permanently,153,63,60,11,206,56,134,43,,,,,,,0.03,0.0,0.16,0.19,1.36,1.12,400,82,78,54,154,61,272,100,1.03,0.34
Diego Gomez,Brighton,MID,5.0,97,0,3.0,2.8,5,1,2117,8,29,0,0,0,0,9,0,9,438.2,319.7,432.0,119.0,0.0,0,0.0,19.4,0,0,0,0,0.0,0.0,0.0,0.0,6.24,1.72,7.96,29.35,26,77,49,112,238,10.12,,136,49,112,80,55,33,91,53,,,5.0,,,,0.27,0.0,0.07,0.34,1.25,1.23,351,204,328,91,171,65,106,35,1.11,0.34
Nick Pope,Newcastle,GKP,5.0,96,0,3.6,1.3,0,1,2416,7,38,0,0,0,89,2,0,3,671.0,0.0,35.0,70.7,0.0,0,0.0,19.2,0,0,0,0,0.0,0.0,0.0,0.0,0.16,0.0,0.16,32.89,27,1,35,254,0,0.0,,55,13,495,57,293,1,197,13,,,,,,,0.01,3.32,0.0,0.01,1.23,1.42,230,6,207,48,86,8,173,25,1.01,0.26
Jayden Bogle,Leeds,DEF,4.5,96,0,2.8,0.5,1,5,2795,6,44,0,0,0,0,6,0,1,436.0,346.1,218.0,100.3,0.0,0,0.0,21.3,0,0,0,0,0.0,0.0,0.0,0.0,2.08,3.11,5.19,39.93,32,66,112,133,178,5.73,,139,57,103,25,141,30,128,37,,,,,,,0.07,0.0,0.1,0.17,1.29,1.42,437,105,115,77,190,78,260,98,1.03,0.19
Malo Gusto,Chelsea,DEF,5.0,96,0,2.8,1.1,2,3,2255,7,36,1,0,0,0,3,1,7,443.6,448.5,205.0,109.8,0.0,0,0.0,19.2,0,0,0,0,0.0,0.0,0.0,0.0,1.56,2.97,4.53,37.13,26,52,74,123,126,5.03,,133,55,61,12,149,37,106,29,,,,,,,0.06,0.0,0.12,0.18,1.48,1.44,323,63,300,146,194,82,185,67,1.04,0.28
Martin Dubravka,Spurs,GKP,4.0,96,0,2.7,21.7,0,0,3150,4,71,0,0,0,127,1,0,7,976.4,0.0,0.0,97.9,0.0,0,0.0,24.0,0,0,0,0,0.0,0.0,0.0,0.0,0.0,0.04,0.04,71.26,35,1,59,291,0,0.0,,8,1,382,18,363,9,135,1,,,,,,,0.0,3.63,0.0,0.0,2.04,2.03,527,51,5,5,202,23,14,2,1.0,0.11
Thierno Barry,Everton,FWD,5.5,95,0,2.5,1.2,8,0,1898,7,34,0,0,0,0,3,0,9,341.0,207.7,501.0,102.5,0.0,0,0.0,17.3,0,0,0,0,0.0,0.0,0.0,0.0,8.17,0.44,8.61,33.49,21,6,34,34,74,3.51,,177,16,160,14,42,16,123,18,,,,,2.0,,0.39,0.0,0.02,0.41,1.59,1.61,217,44,476,40,238,25,176,27,1.0,0.33
Patrick Dorgu,Man Utd,MID,6.0,95,0,3.7,1.6,4,4,1440,4,20,0,0,0,0,5,0,11,469.0,394.2,341.0,120.3,0.0,0,0.0,15.8,0,0,0,0,0.0,0.0,0.0,0.0,2.39,1.84,4.23,19.61,15,48,50,77,98,6.12,,125,45,80,59,80,49,89,52,,,,,,,0.15,0.0,0.12,0.27,1.23,1.25,107,69,534,219,82,36,156,46,0.94,0.25
Vitalii Mykolenko,Everton,DEF,4.5,95,0,2.9,1.4,0,1,2959,9,47,1,0,0,0,6,0,2,559.2,394.1,71.0,102.3,0.0,0,0.0,21.1,0,0,0,0,0.0,0.0,0.0,0.0,0.28,2.46,2.74,48.41,33,48,183,107,231,7.03,,91,40,81,20,260,83,124,36,,,,,,,0.01,0.0,0.07,0.08,1.47,1.43,436,104,114,76,181,75,166,65,1.0,0.27
Ryan Sessegnon,Fulham,DEF,4.5,95,0,3.5,0.4,3,3,1816,6,29,0,0,0,0,0,0,8,413.8,225.0,229.0,86.7,0.0,0,0.0,21.1,0,0,0,0,0.0,0.0,0.0,0.0,1.6,1.8,3.4,26.33,20,48,96,74,218,10.8,,147,60,150,36,133,26,155,52,,,,,,,0.08,0.0,0.09,0.17,1.3,1.44,420,91,98,63,98,38,274,101,0.99,0.3
Mats Wieffer,Brighton,DEF,5.0,94,0,3.6,0.3,2,4,1901,6,26,0,0,0,0,8,0,6,477.0,291.1,209.0,97.7,0.0,0,0.0,18.8,0,0,0,0,0.0,0.0,0.0,0.0,1.92,1.86,3.78,23.95,23,66,101,102,269,12.74,,122,50,128,31,146,34,136,44,,,,,,,0.09,0.0,0.09,0.18,1.13,1.23,316,61,293,144,89,36,311,116,1.09,0.28
James Justin,Leeds,DEF,4.5,94,0,3.2,0.6,2,1,1893,6,26,0,0,0,0,4,0,9,469.8,190.9,220.0,88.3,0.0,0,0.0,20.9,0,0,0,0,0.0,0.0,0.0,0.0,1.83,1.16,2.99,33.01,21,55,128,70,183,8.7,,124,51,177,43,137,29,151,49,,,,,,,0.09,0.0,0.06,0.15,1.57,1.24,432,101,110,73,140,54,241,92,1.0,0.29
Dan Burn,Newcastle,DEF,5.0,93,0,3.2,2.5,1,3,2195,6,36,0,0,0,0,9,1,5,525.8,107.3,186.0,82.1,0.0,0,0.0,18.6,0,0,0,0,0.0,0.0,0.0,0.0,1.08,0.36,1.44,30.15,25,40,185,76,225,9.23,,108,47,234,73,165,45,168,59,,,,,,,0.04,0.0,0.01,0.05,1.24,1.48,226,35,203,118,142,56,115,48,1.03,0.25
Tijjani Reijnders,Man City,MID,6.0,92,0,3.3,0.3,5,3,1623,7,18,0,0,0,0,2,0,6,340.0,347.8,435.0,111.2,0.0,0,0.0,15.3,0,0,0,0,0.0,0.0,0.0,0.0,4.61,2.35,6.96,18.82,19,10,32,58,100,5.55,,178,74,102,74,51,30,105,61,,,,,,,0.26,0.0,0.13,0.39,1.04,1.0,78,50,505,200,134,55,310,103,1.05,0.39
Brian Brobbey,Sunderland,FWD,6.0,92,0,3.0,15.3,7,2,1920,6,30,0,0,0,0,6,0,12,333.4,200.5,552.0,106.7,0.0,0,0.0,15.3,0,0,0,0,0.0,0.0,0.0,0.0,6.02,0.67,6.69,31.4,22,9,21,44,74,3.47,,184,18,168,16,38,15,113,17,,,,,,,0.28,0.0,0.03,0.31,1.47,1.41,82,21,509,52,176,16,26,6,1.03,0.28
Sander Berge,Fulham,MID,5.0,91,0,2.6,0.4,0,3,2904,8,45,1,0,0,0,5,0,3,437.8,365.1,105.0,91.0,0.0,0,0.0,18.2,0,0,0,0,0.0,0.0,0.0,0.0,1.54,1.5,3.04,43.09,34,57,91,132,280,8.68,,137,50,92,67,227,122,148,77,,,,,,,0.05,0.0,0.05,0.1,1.34,1.39,260,159,237,46,222,85,275,89,1.05,0.25
Cristian Romero,Spurs,DEF,5.0,91,0,4.0,0.8,4,1,1869,5,33,0,0,0,0,9,2,10,574.8,133.6,223.0,93.2,0.0,0,0.0,18.2,0,0,0,0,0.0,0.0,0.0,0.0,1.39,1.25,2.64,28.32,22,58,139,88,197,9.49,Has joined Atletico Madrid permanently,85,36,212,57,135,27,145,48,,,,,,,0.07,0.0,0.06,0.13,1.36,1.59,275,48,252,131,51,19,216,82,1.06,0.24
Alisson A.Becker,Liverpool,GKP,5.5,91,0,3.5,3.8,0,0,2340,8,31,0,0,0,57,1,0,8,479.8,0.1,0.0,47.8,0.0,0,0.0,16.5,0,0,0,0,0.0,0.0,0.0,0.0,0.0,0.03,0.03,29.58,26,0,37,229,0,0.0,,120,18,377,13,558,65,250,18,,,,,,,0.0,2.19,0.0,0.0,1.14,1.19,116,3,375,64,104,11,85,13,1.0,0.31
Amad Amad,Man Utd,MID,6.0,91,0,2.8,1.6,2,5,2339,6,33,0,0,0,0,2,0,7,436.6,596.1,600.0,163.5,0.0,0,0.0,15.2,0,0,0,0,0.0,0.0,0.0,0.0,5.46,4.74,10.2,31.69,27,38,48,112,198,7.62,,138,51,35,34,33,19,41,28,4.0,,,,,,0.21,0.0,0.18,0.39,1.22,1.27,96,61,523,211,200,76,152,44,1.04,0.23
Jack Hinshelwood,Brighton,MID,6.0,91,0,3.4,0.3,4,5,1736,7,23,1,0,0,0,0,0,2,312.6,228.0,412.0,94.8,0.0,0,0.0,15.2,0,0,0,0,0.0,0.0,0.0,0.0,4.94,2.34,7.28,27.83,20,18,35,61,114,5.91,,195,84,149,101,60,36,140,75,,,,,,,0.26,0.0,0.12,0.38,1.44,1.19,101,66,528,216,120,48,293,96,1.04,0.36
Guglielmo Vicario,Spurs,GKP,4.5,90,0,2.9,1.2,0,0,2790,7,50,0,0,0,83,1,0,6,709.2,10.1,0.0,72.2,0.0,0,0.0,20.0,0,0,0,0,0.0,0.0,0.0,0.0,0.0,0.04,0.04,46.21,31,1,35,247,0,0.0,,44,12,339,8,434,35,194,12,,,,,,,0.0,2.68,0.0,0.0,1.49,1.61,419,31,97,31,179,21,175,26,1.0,0.23
Harry Maguire,Man Utd,DEF,5.0,90,0,3.9,12.8,1,2,1649,7,20,0,0,0,0,3,1,5,381.6,62.5,184.0,63.0,0.0,0,0.0,18.0,0,0,0,0,0.0,0.0,0.0,0.0,1.12,0.5,1.62,22.95,19,22,129,62,151,8.24,,158,64,273,92,169,48,215,69,,,,,,,0.06,0.0,0.03,0.09,1.25,1.09,229,36,206,119,63,24,31,11,1.04,0.38
Ibrahim Sangaré,Nott'm Forest,MID,5.0,89,0,3.2,0.9,2,2,2073,8,26,0,0,0,0,5,0,2,434.4,205.9,126.0,76.8,0.0,0,0.0,17.8,0,0,0,0,0.0,0.0,0.0,0.0,1.16,1.8,2.96,33.17,25,58,95,114,267,11.59,,142,53,162,108,209,116,179,87,,,,,,,0.05,0.0,0.08,0.13,1.44,1.13,264,162,241,49,144,57,203,69,1.09,0.35
Sven Botman,Newcastle,DEF,5.0,89,0,3.6,0.4,1,1,1834,5,27,1,0,0,0,2,0,6,597.0,85.8,190.0,87.4,0.0,0,0.0,17.8,0,0,0,0,0.0,0.0,0.0,0.0,1.73,0.86,2.59,27.58,21,21,195,89,216,10.6,,78,32,246,80,163,44,153,50,,,,,,,0.08,0.0,0.04,0.12,1.35,1.32,273,47,250,130,87,34,277,102,1.03,0.25
Callum Hudson-Odoi,Nott'm Forest,MID,6.0,88,0,2.9,0.2,3,4,1838,6,26,0,0,0,0,0,0,8,366.6,611.7,330.0,130.6,0.0,0,0.0,14.7,0,0,0,0,0.0,0.0,0.0,0.0,2.77,3.02,5.79,30.88,21,14,24,68,106,5.19,,166,65,31,30,83,51,74,45,,,4.0,,,,0.14,0.0,0.15,0.29,1.51,1.27,70,46,497,196,186,71,358,126,1.03,0.29
Piero Hincapie,Arsenal,DEF,5.5,87,0,3.5,2.7,1,2,1787,5,19,1,0,0,0,2,0,7,453.6,184.7,72.0,70.9,0.0,0,0.0,15.8,0,0,0,0,0.0,0.0,0.0,0.0,0.36,1.67,2.03,17.53,20,48,123,63,171,8.61,,129,54,180,45,258,82,196,65,,,,,,,0.02,0.0,0.08,0.1,0.88,0.96,168,22,427,173,105,43,109,43,1.01,0.25
Georginio Georginio,Brighton,FWD,5.5,87,0,2.7,1.0,3,5,1776,7,20,1,0,0,0,2,0,2,338.6,349.5,448.0,113.5,0.0,0,0.0,15.8,0,0,0,0,0.0,0.0,0.0,0.0,2.9,2.9,5.8,21.59,20,32,38,61,131,6.64,,179,17,101,4,48,18,99,16,,,,,,,0.15,0.0,0.15,0.3,1.09,1.01,173,40,432,36,211,20,191,31,1.01,0.35
Rodrigo Bentancur,Spurs,MID,5.5,86,0,3.3,0.2,1,1,1880,8,25,0,0,0,0,7,0,4,349.0,197.8,124.0,67.4,0.0,0,0.0,15.6,0,0,0,0,0.0,0.0,0.0,0.0,0.72,0.84,1.56,23.65,23,56,91,131,278,13.31,,174,71,172,114,212,117,206,103,,,,,,,0.03,0.0,0.04,0.07,1.13,1.2,133,83,392,134,130,52,374,137,1.1,0.38
Joao Gomes,Aston Villa,MID,5.5,85,0,3.0,0.2,1,1,2207,4,41,0,0,0,0,9,0,4,486.6,353.4,176.0,102.0,0.0,0,0.0,15.5,0,0,0,0,0.0,0.0,0.0,0.0,1.15,1.34,2.49,48.6,25,107,87,193,387,15.78,Calf injury - Unknown return date,117,41,96,70,177,96,125,71,,,,,,,0.05,0.0,0.05,0.1,1.98,1.67,167,105,426,156,173,66,365,132,1.02,0.16
Milos Kerkez,Liverpool,DEF,5.5,85,0,2.5,4.3,2,1,2251,6,37,0,0,0,0,4,0,4,434.6,415.8,141.0,99.4,0.0,0,0.0,15.5,0,0,0,0,0.0,0.0,0.0,0.0,1.5,0.69,2.19,30.1,27,41,93,88,134,5.36,,141,58,69,16,197,54,131,40,,,,,,,0.06,0.0,0.03,0.09,1.2,1.48,204,30,463,181,237,97,79,29,1.08,0.24
Maxim De Cuyper,Brighton,DEF,4.5,84,0,2.8,1.5,2,3,1404,5,23,0,0,0,0,2,0,9,327.8,516.6,154.0,99.9,0.0,0,0.0,18.7,0,0,0,0,0.0,0.0,0.0,0.0,1.66,4.08,5.74,24.09,17,22,42,68,64,4.1,,187,72,47,5,193,52,129,38,2.0,,4.0,,,,0.11,0.0,0.26,0.37,1.54,1.47,463,123,141,95,191,79,159,63,1.09,0.32
Chemsdine Talbi,Sunderland,MID,5.5,83,0,3.0,0.2,4,2,1553,7,14,0,0,0,0,0,0,6,238.8,211.5,245.0,69.1,0.0,0,0.0,15.1,0,0,0,0,0.0,0.0,0.0,0.0,2.13,1.18,3.3,22.26,16,11,20,61,92,5.33,,229,101,158,106,118,68,201,100,,,,,,,0.12,0.0,0.07,0.19,1.29,0.81,207,130,466,181,174,67,332,115,0.93,0.41
Murillo Murillo,Nott'm Forest,DEF,5.5,83,0,3.3,1.2,1,0,2130,6,29,2,0,0,0,5,0,3,542.2,115.5,82.0,74.0,0.0,0,0.0,15.1,0,0,0,0,0.0,0.0,0.0,0.0,0.73,0.47,1.2,32.99,25,35,188,102,223,9.42,,95,44,226,65,249,78,187,63,,,3.0,,,,0.03,0.0,0.02,0.05,1.39,1.23,214,32,473,183,133,52,177,66,1.06,0.25
Jacob J.Murphy,Newcastle,MID,6.0,82,0,2.5,0.2,3,2,1606,8,20,0,0,0,0,2,0,5,330.8,393.7,346.0,106.0,0.0,0,0.0,13.7,0,0,0,0,0.0,0.0,0.0,0.0,3.07,2.66,5.73,24.35,19,16,27,47,90,5.04,,186,79,82,60,78,47,117,65,2.0,,,,,,0.17,0.0,0.15,0.32,1.36,1.12,59,40,486,190,239,93,379,141,1.06,0.45
Omari Hutchinson,Nott'm Forest,MID,5.5,82,0,2.6,0.2,1,7,1676,6,24,0,0,0,0,1,0,3,333.6,527.1,356.0,121.6,0.0,0,0.0,14.9,0,0,0,0,0.0,0.0,0.0,0.0,2.01,3.87,5.88,24.42,17,22,20,87,129,6.93,,183,77,45,41,74,45,85,50,4.0,,,,,,0.11,0.0,0.21,0.32,1.31,1.29,197,122,456,173,227,87,378,140,0.91,0.32
Curtis C.Jones,Liverpool,MID,5.5,81,0,2.4,0.1,1,3,1923,3,37,0,0,0,0,2,0,6,407.4,412.1,227.0,104.6,0.0,0,0.0,14.7,0,0,0,0,0.0,0.0,0.0,0.0,2.21,2.77,4.98,31.44,18,40,53,144,237,11.09,Hip injury - 75% chance of playing,149,57,72,54,134,77,119,67,,,,,,,0.1,0.0,0.13,0.23,1.47,1.73,136,84,395,135,251,103,405,158,0.84,0.14
Kenny Tete,Fulham,DEF,4.5,81,0,3.7,0.3,1,0,1791,6,25,0,0,0,0,2,0,5,416.0,214.1,108.0,73.9,0.0,0,0.0,18.0,0,0,0,0,0.0,0.0,0.0,0.0,0.92,1.46,2.38,25.79,21,65,100,82,165,8.29,,146,59,155,39,224,66,188,64,,,,,,,0.05,0.0,0.07,0.12,1.3,1.26,416,89,94,61,77,30,322,121,1.06,0.3
Sandro Tonali,Spurs,MID,5.5,81,0,2.3,4.1,0,2,2534,7,38,0,0,0,0,4,0,2,398.0,534.1,198.0,113.4,0.0,0,0.0,14.7,0,0,0,0,0.0,0.0,0.0,0.0,1.75,2.87,4.62,36.19,31,35,75,147,257,9.13,,154,59,43,39,157,85,100,58,2.0,,4.0,,,,0.06,0.0,0.1,0.16,1.29,1.35,155,97,414,148,257,106,81,28,1.1,0.25
Xavi Xavi,Spurs,MID,6.0,80,0,2.9,0.0,2,5,1747,4,36,0,0,0,0,5,1,7,349.6,533.8,255.0,113.9,0.0,0,0.0,13.3,0,0,0,0,0.0,0.0,0.0,0.0,3.06,3.85,6.91,30.71,19,34,28,87,149,7.68,Knee injury - Unknown return date,173,70,44,40,115,67,98,57,6.0,,2.0,,3.0,,0.16,0.0,0.2,0.36,1.58,1.85,97,62,524,212,187,72,551,229,0.98,0.21
Noah Sadiki,Sunderland,MID,5.0,80,0,2.4,0.4,0,2,2891,9,42,0,0,0,0,9,0,0,347.6,333.3,162.0,84.6,0.0,0,0.0,16.0,0,0,0,0,0.0,0.0,0.0,0.0,1.43,1.46,2.89,41.39,33,46,89,113,248,7.72,,175,72,105,75,187,103,161,79,,,,,,,0.04,0.0,0.05,0.09,1.29,1.31,375,224,352,111,249,102,287,94,1.03,0.28
Emile Smith Rowe,Fulham,MID,5.5,80,0,2.2,0.4,3,1,1909,6,27,0,0,0,0,1,0,1,291.6,330.0,404.0,102.6,0.0,0,0.0,14.5,0,0,0,0,0.0,0.0,0.0,0.0,4.71,1.12,5.83,31.27,22,35,42,71,148,6.98,,204,91,109,78,62,37,122,70,,,,,,,0.22,0.0,0.05,0.27,1.47,1.27,138,86,397,137,271,116,284,93,1.04,0.28
Lewis Hall,Newcastle,DEF,5.0,79,0,2.6,3.7,1,2,2176,4,39,0,0,0,0,4,0,4,550.2,433.6,196.0,118.0,0.0,0,0.0,15.8,0,0,0,0,0.0,0.0,0.0,0.0,1.01,2.78,3.79,37.72,24,54,119,134,173,7.16,,93,42,64,14,158,41,92,25,1.0,,1.0,,,,0.04,0.0,0.11,0.15,1.56,1.61,328,66,305,149,226,93,87,32,0.99,0.17
Joško Gvardiol,Man City,DEF,5.5,79,0,4.4,11.9,2,2,1370,6,13,0,0,0,0,2,0,5,369.0,109.5,218.0,69.8,0.0,0,0.0,14.4,0,0,0,0,0.0,0.0,0.0,0.0,2.25,0.7,2.95,16.05,16,17,86,49,103,6.77,,165,69,232,71,143,32,200,67,,,,,,,0.15,0.0,0.05,0.2,1.05,0.85,182,26,441,177,31,11,34,12,1.05,0.39
Jack Grealish,Man City,MID,6.5,79,0,4.0,0.1,2,6,1627,7,23,0,0,0,0,3,1,12,374.2,520.5,397.0,129.2,0.0,0,0.0,12.2,0,0,0,0,0.0,0.0,0.0,0.0,2.05,3.37,5.41,25.81,18,20,27,88,135,7.47,,162,64,46,42,68,41,75,46,,,,,,,0.11,0.0,0.19,0.3,1.43,1.27,32,20,539,223,60,27,404,157,1.0,0.39
Pascal Groß,Brighton,MID,5.5,78,0,4.1,12.2,1,6,1636,6,17,0,0,0,0,2,0,10,397.2,668.2,220.0,128.5,0.0,0,0.0,14.2,0,0,0,0,0.0,0.0,0.0,0.0,1.39,3.95,5.34,20.36,18,29,40,76,145,7.98,,155,60,27,26,139,79,76,47,1.0,,1.0,,1.0,,0.08,0.0,0.22,0.3,1.12,0.94,111,73,370,124,46,21,33,10,0.99,0.33
Djed Spence,Spurs,DEF,4.5,78,0,2.6,4.0,0,0,2049,9,31,0,0,0,0,4,0,3,291.0,209.7,207.0,70.5,0.0,0,0.0,17.3,0,0,0,0,0.0,0.0,0.0,0.0,0.9,1.77,2.67,31.42,23,44,72,112,116,5.1,Has joined Internazionale permanently,206,78,159,40,147,35,198,66,,,,,,,0.04,0.0,0.08,0.12,1.38,1.36,442,109,120,81,219,88,83,31,1.01,0.4
Mathys Tel,Spurs,MID,6.0,78,0,2.5,0.6,4,2,1334,3,23,0,0,0,0,1,0,7,303.4,457.2,312.0,107.6,0.0,0,0.0,13.0,0,0,0,0,0.0,0.0,0.0,0.0,2.47,2.43,4.89,17.29,13,20,19,72,111,7.49,,200,89,58,48,94,59,110,63,4.0,,,,,,0.17,0.0,0.16,0.33,1.17,1.55,99,64,526,214,241,95,244,81,0.88,0.2
Tyler Adams,Bournemouth,MID,5.0,77,0,3.1,0.5,2,2,1769,7,28,0,0,0,0,8,0,3,387.0,158.2,115.0,66.3,0.0,0,0.0,15.4,0,0,0,0,0.0,0.0,0.0,0.0,0.63,0.63,1.26,27.18,21,53,83,96,232,11.8,Unspecified injury - 75% chance of playing,157,62,197,126,223,121,208,105,,,,,,,0.03,0.0,0.03,0.06,1.38,1.42,256,156,233,43,158,60,268,86,1.07,0.36
Yéremy Yeremy,Crystal Palace,MID,5.5,77,0,2.3,0.2,2,2,2074,7,28,0,0,0,0,4,0,3,325.8,718.4,371.0,141.4,0.0,0,0.0,14.0,0,0,0,0,0.0,0.0,0.0,0.0,4.53,6.12,10.65,30.01,26,36,30,101,167,7.25,,189,80,22,21,71,43,57,36,2.0,,1.0,,,,0.2,0.0,0.27,0.47,1.3,1.22,190,117,449,168,259,107,345,120,1.13,0.3
Kristoffer Ajer,Brentford,DEF,4.5,76,0,2.8,2.2,0,2,1805,5,32,0,0,0,0,4,0,1,401.4,59.1,165.0,62.7,0.0,0,0.0,16.9,0,0,0,0,0.0,0.0,0.0,0.0,0.69,0.73,1.42,31.51,20,37,155,59,192,9.57,,152,62,278,94,182,49,216,70,,,,,,,0.03,0.0,0.04,0.07,1.57,1.6,422,93,100,65,189,77,125,52,1.0,0.25
William Osula,Newcastle,FWD,6.0,76,0,3.2,1.1,7,1,805,2,14,0,0,0,0,0,0,13,256.6,82.6,284.0,62.2,0.0,0,0.0,12.7,0,0,0,0,0.0,0.0,0.0,0.0,4.28,0.62,4.9,14.48,8,6,2,23,31,3.47,,222,21,252,29,105,25,218,24,,,,,2.0,,0.48,0.0,0.07,0.55,1.62,1.57,102,25,529,56,153,14,187,30,0.89,0.22
Amadou Onana,Aston Villa,MID,5.0,76,0,3.0,0.0,2,0,1755,6,26,0,0,0,0,3,0,4,413.2,152.6,178.0,74.4,0.0,0,0.0,15.2,0,0,0,0,0.0,0.0,0.0,0.0,1.68,0.69,2.37,28.53,21,48,99,72,219,11.23,Knee injury - Unknown return date,148,56,203,130,175,94,185,93,,,,,,,0.09,0.0,0.04,0.13,1.46,1.33,306,181,283,68,170,64,534,224,1.08,0.31
Jordan Henderson,Chelsea,MID,5.0,76,0,2.4,0.0,1,3,1911,6,28,0,0,0,0,6,0,5,336.6,358.3,49.0,74.4,0.0,0,0.0,15.2,0,0,0,0,0.0,0.0,0.0,0.0,0.33,2.31,2.64,28.16,22,27,58,98,183,8.62,Wrist injury - 75% chance of playing,181,75,95,69,277,147,184,92,,,,,,,0.02,0.0,0.11,0.13,1.33,1.32,224,139,201,26,243,96,509,213,1.04,0.28
Jørgen Strand Larsen,Crystal Palace,FWD,6.0,75,0,2.1,0.6,4,1,2301,5,41,0,0,1,0,4,0,3,265.2,203.1,469.0,91.5,0.0,0,0.0,12.5,0,0,0,0,0.0,0.0,0.0,0.0,5.3,1.12,6.42,36.03,26,9,49,37,95,3.72,,218,20,165,15,46,17,147,19,,,,,,,0.21,0.0,0.04,0.25,1.41,1.6,77,20,504,51,280,28,248,42,1.02,0.2
Mohammed Kudus,Spurs,MID,6.5,75,0,3.9,0.1,2,6,1535,7,20,0,0,0,0,3,0,7,333.4,413.8,302.0,104.7,0.0,0,0.0,11.5,0,0,0,0,0.0,0.0,0.0,0.0,1.92,2.41,4.33,22.74,19,29,9,95,133,7.8,Thigh injury - 75% chance of playing,185,78,71,53,98,62,118,66,5.0,,3.0,,2.0,,0.11,0.0,0.14,0.25,1.33,1.17,48,34,555,237,68,31,392,148,1.11,0.41
Reinildo Reinildo,Sunderland,DEF,4.5,74,0,3.0,0.5,0,2,1966,6,27,0,0,0,0,7,1,6,376.4,130.2,39.0,54.7,0.0,0,0.0,16.4,0,0,0,0,0.0,0.0,0.0,0.0,0.13,0.62,0.75,26.72,23,39,125,90,164,7.51,,160,65,217,60,285,95,236,74,,,,,,,0.01,0.0,0.03,0.04,1.22,1.24,454,118,132,90,168,71,259,97,1.05,0.27
Wilson Isidor,Sunderland,FWD,5.5,74,0,2.3,1.1,6,1,1148,4,17,0,0,0,0,1,0,7,242.0,30.4,444.0,71.5,0.0,0,0.0,13.5,0,0,0,0,0.0,0.0,0.0,0.0,4.7,0.38,5.08,19.82,11,11,17,23,51,4.0,,225,22,310,39,49,19,195,21,,,,,,,0.37,0.0,0.03,0.4,1.55,1.33,159,37,418,33,258,27,186,29,0.86,0.31
Vitaly Janelt,Brentford,MID,5.0,74,0,3.0,0.1,1,4,1434,5,21,0,0,0,0,8,0,6,350.4,351.8,97.0,79.0,0.0,0,0.0,14.8,0,0,0,0,0.0,0.0,0.0,0.0,0.82,2.27,3.09,26.62,15,27,71,85,183,11.49,,172,69,99,72,234,126,176,85,2.0,,,,,,0.05,0.0,0.14,0.19,1.67,1.32,259,158,236,45,169,63,436,176,0.94,0.31
Martin Ødegaard,Arsenal,MID,6.5,74,0,3.1,5.5,1,7,1363,6,13,0,0,0,0,0,0,5,311.8,564.4,168.0,104.4,0.0,0,0.0,11.4,0,0,0,0,0.0,0.0,0.0,0.0,1.25,3.65,4.9,16.2,16,19,13,70,102,6.74,,196,85,39,36,180,98,120,68,4.0,,,,3.0,,0.08,0.0,0.24,0.32,1.07,0.86,35,23,542,226,163,62,67,24,1.06,0.4
Lukas Nmecha,Leeds,FWD,5.5,73,0,2.4,0.6,6,1,1065,3,23,0,0,1,0,0,0,8,290.4,153.5,434.0,87.8,0.0,0,0.0,13.3,0,0,0,0,0.0,0.0,0.0,0.0,7.25,1.58,8.83,21.84,10,12,15,30,57,4.82,,207,19,202,22,54,20,152,20,,,,,2.0,,0.61,0.0,0.13,0.74,1.85,1.94,123,32,382,28,250,26,240,41,0.85,0.25
Kobbie Mainoo,Man Utd,MID,5.5,73,0,2.6,1.1,1,2,1653,6,22,0,0,0,0,2,0,2,365.0,360.1,94.0,82.1,0.0,0,0.0,13.3,0,0,0,0,0.0,0.0,0.0,0.0,0.48,1.27,1.75,22.88,16,36,56,95,187,10.18,,167,66,94,68,240,128,169,82,,,,,,,0.03,0.0,0.07,0.1,1.25,1.2,200,125,459,176,228,88,184,63,0.87,0.33
Joelinton Cássio Joelinton,Newcastle,MID,5.5,73,0,2.7,0.1,2,1,1950,5,27,0,0,0,0,10,0,2,324.4,296.3,329.0,95.0,0.0,0,0.0,13.3,0,0,0,0,0.0,0.0,0.0,0.0,2.36,1.35,3.71,28.75,23,43,73,122,238,10.98,Unspecified injury - Unknown return date,191,82,126,87,84,52,139,74,,,,,,,0.11,0.0,0.06,0.17,1.33,1.25,126,78,385,129,208,80,434,174,1.06,0.23
Lewis L.Miley,Newcastle,MID,5.5,72,0,3.1,0.0,1,4,1493,2,22,0,0,0,0,0,0,5,342.6,251.4,136.0,73.0,0.0,0,0.0,13.1,0,0,0,0,0.0,0.0,0.0,0.0,1.36,2.1,3.46,21.22,15,29,57,69,155,9.34,,176,73,136,93,201,111,191,96,3.0,,,,,,0.08,0.0,0.13,0.21,1.28,1.33,206,129,465,180,161,61,527,222,0.9,0.12
Noni Madueke,Arsenal,MID,6.5,72,0,2.8,0.3,3,1,1205,8,9,0,0,0,0,0,0,9,257.4,352.8,404.0,101.3,0.0,0,0.0,11.1,0,0,0,0,0.0,0.0,0.0,0.0,1.23,2.86,4.09,12.77,16,21,14,35,70,5.23,,221,98,98,71,64,38,126,72,6.0,,,,,,0.09,0.0,0.21,0.3,0.95,0.67,43,30,550,233,201,77,299,98,1.2,0.6
Jaydee Canvot,Crystal Palace,DEF,5.0,72,0,3.6,0.5,0,0,1331,5,23,0,0,0,0,3,0,9,362.4,63.8,56.0,48.1,0.0,0,0.0,14.4,0,0,0,0,0.0,0.0,0.0,0.0,1.48,0.33,1.81,23.84,14,40,129,54,169,11.43,,168,70,271,90,272,87,248,80,,,,,,,0.1,0.0,0.02,0.12,1.61,1.56,387,78,364,161,90,37,255,96,0.95,0.34
Pape Matar P.M.Sarr,Spurs,MID,5.0,71,0,2.7,0.4,2,4,1388,3,23,0,0,0,0,3,0,2,336.0,188.3,156.0,68.2,0.0,0,0.0,14.2,0,0,0,0,0.0,0.0,0.0,0.0,1.63,1.11,2.74,26.67,13,32,74,77,183,11.87,,182,76,178,119,191,105,203,101,,,,,,,0.11,0.0,0.07,0.18,1.73,1.49,322,189,299,76,206,79,289,95,0.84,0.19
Karl Darlow,Man Utd,GKP,4.5,71,0,3.2,0.0,0,0,1980,5,27,0,0,0,63,1,0,3,531.4,0.0,0.0,53.4,0.0,0,0.0,15.8,0,0,0,0,0.0,0.0,0.0,0.0,0.0,0.05,0.05,28.36,22,1,30,202,0,0.0,Unspecified injury - 75% chance of playing,105,17,438,34,421,25,238,17,,,,,,,0.0,2.86,0.0,0.0,1.29,1.23,394,21,72,21,137,17,506,57,1.0,0.23
Jefferson Lerma,Crystal Palace,MID,5.0,69,0,2.2,0.1,0,5,1722,7,25,2,0,0,0,7,0,3,287.6,207.2,233.0,72.5,0.0,0,0.0,13.8,0,0,0,0,0.0,0.0,0.0,0.0,1.84,1.48,3.32,25.11,18,28,90,102,220,11.5,,209,93,161,107,129,74,193,98,,,,,,,0.1,0.0,0.08,0.18,1.31,1.31,241,145,218,32,265,110,416,165,0.94,0.37
Rodrigo 'Rodri' Rodrigo,Man City,MID,6.5,69,0,3.3,0.1,1,1,1510,5,15,0,0,0,0,3,0,6,358.0,421.5,122.0,90.3,0.0,0,0.0,10.6,0,0,0,0,0.0,0.0,0.0,0.0,1.15,2.45,3.6,20.74,17,42,57,107,206,12.28,Back injury - Unknown return date,170,68,67,52,214,118,150,78,,,,,,,0.07,0.0,0.15,0.22,1.24,0.89,38,26,545,229,136,56,481,200,1.01,0.3
Gabriel Gudmundsson,Leeds,DEF,4.5,68,0,2.1,0.1,0,0,2637,5,45,1,0,0,0,4,1,8,442.6,363.7,158.0,96.4,0.0,0,0.0,15.1,0,0,0,0,0.0,0.0,0.0,0.0,1.1,2.89,3.98,41.06,31,65,119,112,184,6.28,Hamstring injury - Expected back 30 Aug,134,56,93,23,189,51,138,46,,,,,,,0.04,0.0,0.1,0.14,1.4,1.54,448,113,126,85,275,105,399,144,1.06,0.17
Tim Iroegbunam,Everton,MID,5.0,68,0,2.3,0.0,0,3,1477,8,18,0,0,0,0,9,0,1,255.0,125.2,81.0,45.9,0.0,0,0.0,13.6,0,0,0,0,0.0,0.0,0.0,0.0,0.54,0.71,1.25,24.64,17,68,43,78,189,11.52,Groin injury - Unknown return date,223,99,222,136,250,133,258,125,,,,,,,0.03,0.0,0.04,0.07,1.5,1.1,331,193,308,80,256,105,504,212,1.04,0.49
Youri Tielemans,Man Utd,MID,6.0,68,0,2.7,2.1,0,4,1857,4,27,0,0,0,0,0,0,3,432.0,513.6,184.0,113.1,0.0,0,0.0,11.3,0,0,0,0,0.0,0.0,0.0,0.0,1.14,3.26,4.4,31.34,21,58,51,94,203,9.84,,143,54,48,43,170,89,102,59,,,,,3.0,,0.06,0.0,0.16,0.22,1.52,1.31,62,41,489,191,215,84,126,39,1.02,0.19
Tanaka Tanaka,Leeds,MID,5.0,67,0,2.4,0.3,2,1,1307,3,22,0,0,0,0,1,0,4,224.2,307.6,104.0,63.6,0.0,0,0.0,13.4,0,0,0,0,0.0,0.0,0.0,0.0,1.44,1.39,2.83,21.49,14,27,38,82,147,10.12,,236,106,120,83,228,123,214,109,4.0,,,,,,0.1,0.0,0.1,0.2,1.48,1.51,292,175,269,62,246,99,325,112,0.96,0.21
Saša Lukić,Ipswich Town,MID,5.0,67,0,2.6,0.1,1,4,1730,6,22,0,0,0,0,9,0,4,317.6,441.6,176.0,93.4,0.0,0,0.0,13.4,0,0,0,0,0.0,0.0,0.0,0.0,2.23,1.91,4.14,27.64,20,49,63,71,183,9.52,,194,83,63,49,176,95,144,76,4.0,,,,,,0.12,0.0,0.1,0.22,1.44,1.14,265,163,242,50,223,86,422,169,1.04,0.31
Abdukodir Khusanov,Man City,DEF,5.5,67,0,3.2,1.8,0,0,1427,6,13,0,0,0,0,2,0,3,299.0,112.2,26.0,43.9,0.0,0,0.0,12.2,0,0,0,0,0.0,0.0,0.0,0.0,0.65,1.21,1.86,20.89,15,27,96,75,123,7.76,,202,76,230,69,305,105,261,86,,,,,,,0.04,0.0,0.08,0.12,1.32,0.82,216,33,475,184,151,60,136,57,0.95,0.38
Rayan Vitor Rayan,Bournemouth,MID,6.5,67,0,4.5,3.1,5,2,1110,6,10,0,0,0,0,1,0,3,277.6,211.9,263.0,75.3,0.0,0,0.0,10.3,0,0,0,0,0.0,0.0,0.0,0.0,2.67,1.84,4.51,19.14,13,11,28,43,82,6.65,,213,94,157,105,112,65,182,90,,,,,,,0.22,0.0,0.15,0.37,1.55,0.81,50,35,557,238,27,12,100,34,1.05,0.49
Amine Adli,Bournemouth,MID,5.0,67,0,2.2,0.1,3,2,1074,3,17,0,0,0,0,2,0,4,272.6,235.9,260.0,76.1,0.0,0,0.0,13.4,0,0,0,0,0.0,0.0,0.0,0.0,2.6,1.62,4.22,18.22,10,36,26,61,123,10.31,Unspecified injury - Unknown return date,216,95,145,98,113,66,180,88,,,,,,,0.22,0.0,0.14,0.36,1.53,1.42,330,192,307,79,269,114,435,175,0.84,0.25
Mikel Merino,Arsenal,MID,6.0,67,0,3.0,0.9,4,3,1024,4,10,0,0,0,0,1,0,5,304.4,191.8,244.0,73.6,0.0,0,0.0,11.2,0,0,0,0,0.0,0.0,0.0,0.0,3.36,1.45,4.81,7.36,10,26,30,57,113,9.93,,199,88,176,118,119,69,189,94,,,,,,,0.3,0.0,0.13,0.43,0.65,0.88,64,42,491,192,175,68,202,68,0.88,0.35
Daichi Kamada,Crystal Palace,MID,5.0,67,0,2.4,0.3,0,2,1899,6,28,0,0,0,0,3,0,0,239.2,350.1,155.0,74.5,0.0,0,0.0,13.4,0,0,0,0,0.0,0.0,0.0,0.0,1.64,3.24,4.88,26.04,22,62,38,108,208,9.86,,228,100,100,73,192,106,183,91,4.0,,,,,,0.08,0.0,0.15,0.23,1.23,1.33,263,161,240,48,245,98,327,114,1.04,0.28
Ola Aina,Nott'm Forest,DEF,4.5,67,0,3.7,4.1,0,2,1587,6,19,0,0,0,0,3,0,5,285.2,160.3,58.0,50.5,0.0,0,0.0,14.9,0,0,0,0,0.0,0.0,0.0,0.0,0.41,0.84,1.25,25.31,18,31,99,81,130,7.37,,210,79,193,50,271,86,242,76,,,,,,,0.02,0.0,0.05,0.07,1.44,1.08,414,87,92,59,76,29,82,30,1.02,0.34
Brennan Johnson,Everton,MID,6.0,65,0,1.9,0.2,2,1,1710,6,24,0,0,0,0,6,0,2,223.4,311.1,230.0,75.8,0.0,0,0.0,10.8,0,0,0,0,0.0,0.0,0.0,0.0,2.45,1.31,3.76,28.29,19,29,37,55,121,6.37,,237,107,118,82,132,76,181,89,,,,,,,0.13,0.0,0.07,0.2,1.49,1.26,76,49,503,199,297,129,360,127,1.0,0.32
Habib Diarra,Sunderland,MID,5.5,65,0,3.2,0.1,2,6,1403,5,19,0,0,0,0,6,0,3,166.2,153.8,234.0,53.9,0.0,0,0.0,11.8,0,0,0,0,0.0,0.0,0.0,0.0,3.27,0.85,4.12,21.52,15,14,17,48,79,5.07,,266,122,201,129,127,72,237,122,,,,,1.0,,0.21,0.0,0.05,0.26,1.38,1.22,205,128,464,179,150,59,452,183,0.96,0.32
Wesley Fofana,Chelsea,DEF,5.0,65,0,2.6,0.0,0,2,1718,4,25,0,0,0,0,5,2,3,463.6,65.6,74.0,60.4,0.0,0,0.0,13.0,0,0,0,0,0.0,0.0,0.0,0.0,0.72,0.6,1.32,25.81,20,19,187,81,206,10.79,Suspended until 6 Sep,126,52,269,89,256,81,221,71,,,,,,,0.04,0.0,0.03,0.07,1.35,1.31,302,56,279,139,225,92,563,191,1.05,0.21
Antonee Robinson,Fulham,DEF,4.5,65,0,3.0,2.1,1,0,1487,4,19,0,0,0,0,5,0,7,375.0,334.6,82.0,79.3,0.0,0,0.0,14.4,0,0,0,0,0.0,0.0,0.0,0.0,1.07,1.58,2.65,24.12,17,48,88,98,136,8.23,,161,66,104,26,248,77,174,61,,,,,2.0,,0.06,0.0,0.1,0.16,1.46,1.15,417,90,95,62,166,69,127,53,1.03,0.24
Pau Pau,Aston Villa,DEF,4.5,64,0,3.0,0.3,0,2,1673,5,19,1,0,0,0,1,0,2,321.8,47.1,79.0,45.1,0.0,0,0.0,14.2,0,0,0,0,0.0,0.0,0.0,0.0,1.33,0.39,1.72,22.81,18,22,90,79,112,6.03,,193,74,290,99,251,79,260,85,,,,,,,0.07,0.0,0.02,0.09,1.23,1.02,451,116,129,88,167,70,294,110,0.97,0.27
Josh King,Fulham,MID,5.5,63,0,2.0,0.2,1,3,1290,5,18,0,0,0,0,4,0,3,207.4,198.7,336.0,73.3,0.0,0,0.0,11.5,0,0,0,0,0.0,0.0,0.0,0.0,2.47,0.66,3.13,18.97,15,26,22,59,107,7.47,,245,110,170,112,82,50,190,95,,,,,,,0.17,0.0,0.05,0.22,1.32,1.26,215,136,474,187,289,123,387,145,1.05,0.35
Kevin Danso,Spurs,DEF,5.0,63,0,2.6,0.2,0,0,1489,4,25,0,0,0,0,8,0,1,407.0,49.5,96.0,55.5,0.0,0,0.0,12.6,0,0,0,0,0.0,0.0,0.0,0.0,0.62,0.28,0.9,20.15,17,27,165,45,192,11.61,,150,61,284,96,235,71,232,73,,,,,,,0.04,0.0,0.02,0.06,1.22,1.51,238,39,215,122,221,90,372,137,1.03,0.24
Jeremie Frimpong,Liverpool,DEF,5.5,63,0,3.0,3.2,0,5,1032,5,13,0,0,0,0,1,0,1,133.2,244.6,186.0,56.5,0.0,0,0.0,11.5,0,0,0,0,0.0,0.0,0.0,0.0,0.5,1.55,2.05,12.97,12,11,19,52,30,2.62,,287,103,139,33,166,46,231,72,,,,,,,0.04,0.0,0.14,0.18,1.13,1.13,141,15,400,166,172,72,92,34,1.05,0.44
Nico N.Gonzalez,Man City,MID,5.5,63,0,2.5,0.1,1,0,1561,7,18,0,0,0,0,6,0,1,309.8,234.1,72.0,61.5,0.0,0,0.0,11.5,0,0,0,0,0.0,0.0,0.0,0.0,0.68,1.12,1.8,20.35,17,42,74,90,206,11.88,,197,86,147,99,259,137,219,110,,,,,,,0.04,0.0,0.06,0.1,1.17,1.04,176,107,435,158,236,92,407,159,0.98,0.4
Mitoma Mitoma,Brighton,MID,6.0,62,0,2.5,0.1,3,1,1714,5,20,0,0,0,0,5,0,2,288.4,422.3,416.0,112.3,0.0,0,0.0,10.3,0,0,0,0,0.0,0.0,0.0,0.0,4.04,2.74,6.78,23.76,19,18,27,62,107,5.62,Hamstring injury - Unknown return date,208,92,66,51,59,35,103,60,,,,,,,0.21,0.0,0.14,0.35,1.25,1.05,87,56,514,206,240,94,451,182,1.0,0.26
Jacob J.Ramsey,Newcastle,MID,5.0,62,0,2.2,0.4,2,3,1441,1,31,0,0,0,0,3,1,3,304.4,330.3,165.0,79.9,0.0,0,0.0,12.4,0,0,0,0,0.0,0.0,0.0,0.0,1.2,1.45,2.65,27.24,15,41,23,85,149,9.31,,198,87,108,77,183,100,173,84,,,,,,,0.07,0.0,0.09,0.16,1.7,1.94,286,171,263,58,267,112,282,91,0.94,0.06
Timothy Castagne,Fulham,DEF,4.5,61,0,2.0,0.3,0,2,1838,3,31,0,0,0,0,4,0,3,373.0,292.2,195.0,86.2,0.0,0,0.0,13.6,0,0,0,0,0.0,0.0,0.0,0.0,1.5,1.47,2.97,32.66,20,40,106,56,146,7.15,,163,67,127,30,159,42,158,54,,,,,,,0.07,0.0,0.07,0.14,1.6,1.52,415,88,93,60,282,107,317,118,0.98,0.15
Boubacar Kamara,Aston Villa,MID,5.0,61,0,3.4,0.3,1,3,1410,5,15,0,0,0,0,5,0,7,325.0,241.3,75.0,64.2,0.0,0,0.0,12.2,0,0,0,0,0.0,0.0,0.0,0.0,0.53,0.84,1.36,20.8,17,38,46,65,149,9.51,,190,81,141,97,253,135,212,108,,,,,,,0.03,0.0,0.05,0.08,1.33,0.96,280,167,257,54,111,43,326,113,1.09,0.32
Archie Gray,Spurs,MID,5.0,61,0,2.5,0.2,2,2,1471,5,28,0,0,0,0,5,0,6,259.4,138.1,158.0,55.5,0.0,0,0.0,12.2,0,0,0,0,0.0,0.0,0.0,0.0,1.5,1.29,2.79,24.8,18,11,65,56,132,8.08,,220,97,209,132,190,104,234,120,,,,,,,0.09,0.0,0.08,0.17,1.52,1.71,366,218,343,105,233,90,336,117,1.1,0.31
Rayan Aït-Nouri,Man City,DEF,5.5,60,0,3.5,1.0,0,2,971,5,8,0,0,0,0,2,0,9,195.6,216.4,90.0,50.2,0.0,0,0.0,10.9,0,0,0,0,0.0,0.0,0.0,0.0,0.53,2.01,2.54,12.25,12,35,32,49,67,6.21,,254,95,153,37,244,75,244,78,,,,,,,0.05,0.0,0.19,0.24,1.14,0.74,169,23,428,174,106,44,190,69,1.11,0.46
Tino Livramento,Newcastle,DEF,5.0,59,0,3.5,0.1,0,1,1326,6,14,0,0,0,0,1,0,3,219.4,199.7,42.0,46.1,0.0,0,0.0,11.8,0,0,0,0,0.0,0.0,0.0,0.0,0.13,0.89,1.02,18.62,14,22,46,81,68,4.62,Calf injury - 75% chance of playing,238,89,169,42,282,92,257,83,,,,,,,0.01,0.0,0.06,0.07,1.26,0.95,301,55,278,138,102,41,445,153,0.95,0.41
David Brooks,Bournemouth,MID,5.0,59,0,1.9,0.1,1,3,1188,5,20,0,0,0,0,7,0,4,236.2,384.5,434.0,104.1,0.0,0,0.0,11.8,0,0,0,0,0.0,0.0,0.0,0.0,5.81,3.4,9.21,20.25,13,19,19,56,94,7.12,Unspecified injury - 75% chance of playing,230,102,87,65,53,32,121,69,4.0,,3.0,,,,0.44,0.0,0.26,0.7,1.53,1.52,235,142,212,29,291,125,417,166,0.98,0.38
Adam Smith,Bournemouth,DEF,4.5,58,0,2.6,0.1,0,2,1073,6,16,0,0,0,0,3,0,4,176.2,76.6,18.0,27.1,0.0,0,0.0,12.9,0,0,0,0,0.0,0.0,0.0,0.0,0.0,0.23,0.23,18.18,14,15,55,29,70,5.87,,259,97,260,87,314,112,296,100,,,,,,,0.0,0.0,0.02,0.02,1.52,1.34,393,79,71,51,217,86,433,148,1.17,0.5
Estêvão Estêvão,Chelsea,MID,6.5,58,0,2.6,1.4,2,5,839,4,11,0,0,0,0,4,0,4,183.4,230.9,314.0,72.6,0.0,0,0.0,8.9,0,0,0,0,0.0,0.0,0.0,0.0,2.91,2.14,5.05,10.29,12,11,9,36,56,6.01,,257,117,148,100,92,58,192,97,5.0,,,,3.0,,0.31,0.0,0.23,0.54,1.1,1.18,55,39,562,242,229,89,164,51,1.29,0.43
Mason Mount,Man Utd,MID,5.5,58,0,2.5,0.1,3,0,1010,5,15,0,0,0,0,2,0,3,201.2,214.1,165.0,58.0,0.0,0,0.0,10.5,0,0,0,0,0.0,0.0,0.0,0.0,1.56,1.62,3.18,12.46,12,24,19,59,102,9.09,Foot injury - 50% chance of playing,251,113,156,104,184,101,227,116,,,3.0,,,,0.14,0.0,0.14,0.28,1.11,1.34,127,79,386,130,234,91,461,189,1.07,0.45
Gabriel Martinelli,Arsenal,MID,6.5,57,0,1.9,0.3,1,5,1065,2,8,0,0,0,0,3,0,3,204.6,202.2,390.0,79.0,0.0,0,0.0,8.8,0,0,0,0,0.0,0.0,0.0,0.0,4.12,1.27,5.39,10.51,11,12,13,52,77,6.51,,249,112,166,111,69,42,177,86,,,,,,,0.35,0.0,0.11,0.46,0.89,0.68,45,32,552,235,298,130,323,110,0.93,0.17
Omar Marmoush,Man City,FWD,7.0,56,0,2.7,0.8,3,3,691,4,5,0,0,0,0,3,0,5,203.2,159.8,284.0,64.4,0.0,0,0.0,8.0,0,0,0,0,0.0,0.0,0.0,0.0,2.78,0.77,3.55,7.92,8,13,6,20,39,5.08,,250,24,195,20,106,26,211,22,,,2.0,,2.0,,0.36,0.0,0.1,0.46,1.03,0.65,28,9,568,61,216,23,214,36,1.04,0.52
Sean Longstaff,Leeds,MID,5.0,56,0,2.4,0.2,2,2,1003,1,20,0,0,0,0,2,0,5,291.8,403.7,116.0,81.2,0.0,0,0.0,11.2,0,0,0,0,0.0,0.0,0.0,0.0,1.23,1.87,3.1,15.88,10,38,29,43,110,9.87,,203,90,74,56,220,120,171,83,3.0,,2.0,,,,0.11,0.0,0.17,0.28,1.42,1.79,251,152,228,39,244,97,386,144,0.9,0.09
Ilia Gruev,Leeds,MID,5.0,56,0,2.4,0.0,0,4,1318,5,23,0,0,0,0,3,0,3,199.4,171.0,64.0,43.2,0.0,0,0.0,11.2,0,0,0,0,0.0,0.0,0.0,0.0,0.49,0.86,1.35,25.27,15,23,40,51,114,7.78,Knee injury - Unknown return date,252,114,186,122,266,142,263,126,,,,,,,0.03,0.0,0.06,0.09,1.73,1.57,326,190,303,77,247,100,573,247,1.02,0.34
Carlos Baleba,Brighton,MID,5.0,56,0,1.8,0.2,0,0,1646,7,19,0,0,0,0,5,0,0,166.8,156.3,44.0,36.8,0.0,0,0.0,11.2,0,0,0,0,0.0,0.0,0.0,0.0,0.78,0.72,1.5,20.4,23,37,67,105,209,11.43,Ankle injury - Expected back 23 Aug,264,120,198,127,279,149,275,133,,,,,,,0.04,0.0,0.04,0.08,1.12,1.04,357,209,334,96,305,133,362,129,1.26,0.38
Ross Barkley,Aston Villa,MID,5.0,56,0,2.7,0.2,3,2,844,1,15,0,0,0,0,1,0,5,227.8,162.3,191.0,58.1,0.0,0,0.0,11.2,0,0,0,0,0.0,0.0,0.0,0.0,1.58,1.26,2.84,13.2,7,14,15,45,74,7.89,,234,104,187,123,161,86,226,115,,,,,,,0.17,0.0,0.13,0.3,1.41,1.6,228,141,205,28,204,78,361,128,0.75,0.11
Leny Yoro,Man Utd,DEF,5.0,56,0,1.8,0.8,0,1,1730,2,33,0,0,0,0,1,0,1,327.0,83.1,124.0,53.2,0.0,0,0.0,11.2,0,0,0,0,0.0,0.0,0.0,0.0,1.34,0.59,1.93,26.83,18,30,126,73,156,8.12,,188,73,251,82,211,59,239,75,,,,,,,0.07,0.0,0.03,0.1,1.4,1.72,368,73,345,156,306,113,213,80,0.94,0.1
Alejandro Garnacho,Aston Villa,MID,6.0,56,0,2.3,0.7,1,4,1261,4,20,0,0,0,0,2,0,3,211.4,405.3,399.0,100.5,0.0,0,0.0,9.3,0,0,0,0,0.0,0.0,0.0,0.0,3.44,3.68,7.12,20.52,14,16,10,45,71,5.07,,243,109,73,55,66,39,127,73,,,,,,,0.25,0.0,0.26,0.51,1.46,1.43,95,60,522,210,260,108,222,74,1.0,0.29
Andrew Robertson,Spurs,DEF,4.5,55,0,2.3,3.0,1,0,1165,4,16,0,0,0,0,0,0,4,239.8,318.8,121.0,68.2,0.0,0,0.0,12.2,0,0,0,0,0.0,0.0,0.0,0.0,1.1,1.4,2.49,17.44,11,12,43,40,55,4.25,,227,86,113,27,215,61,202,68,3.0,,,,,,0.08,0.0,0.11,0.19,1.35,1.24,410,85,88,57,254,99,102,39,0.85,0.31
Ian Maatsen,Aston Villa,DEF,4.5,54,0,1.8,0.9,0,1,1590,2,27,0,0,0,0,2,0,1,336.6,373.4,231.0,94.3,0.0,0,0.0,12.0,0,0,0,0,0.0,0.0,0.0,0.0,1.26,2.39,3.65,26.64,17,43,85,82,128,7.25,,180,71,90,21,130,25,142,47,,,,,,,0.07,0.0,0.14,0.21,1.51,1.53,457,121,135,93,299,111,199,73,0.96,0.11
Felipe Morato,Nott'm Forest,DEF,5.0,53,0,2.5,0.1,1,0,1340,2,23,0,0,0,0,5,0,1,371.2,37.6,96.0,50.5,0.0,0,0.0,10.6,0,0,0,0,0.0,0.0,0.0,0.0,1.32,0.15,1.47,24.34,14,30,114,52,144,9.67,,164,68,301,102,236,72,243,77,,,,,,,0.09,0.0,0.01,0.1,1.63,1.54,325,65,302,148,231,95,486,167,0.94,0.13
Noussair Mazraoui,Man Utd,DEF,4.5,53,0,2.6,0.7,0,0,977,5,10,0,0,0,0,3,0,6,209.0,122.4,37.0,36.8,0.0,0,0.0,11.8,0,0,0,0,0.0,0.0,0.0,0.0,0.19,0.35,0.53,12.99,11,28,66,46,94,8.66,,244,93,224,64,289,96,274,90,,,,,,,0.02,0.0,0.03,0.05,1.2,0.92,438,106,116,78,218,87,218,83,1.01,0.46
Dwight McNeil,Crystal Palace,MID,5.5,53,0,2.4,0.2,0,3,1161,6,9,0,0,0,0,1,0,1,140.6,242.4,138.0,52.2,0.0,0,0.0,9.6,0,0,0,0,0.0,0.0,0.0,0.0,1.37,1.91,3.28,18.8,14,23,26,62,111,8.6,,281,129,140,96,199,110,241,123,,,,,,,0.11,0.0,0.15,0.26,1.46,0.7,158,99,417,150,252,104,375,138,1.09,0.47
Rico Henry,Brentford,DEF,4.5,52,0,2.1,0.2,0,2,1322,4,22,0,0,0,0,2,0,0,151.6,82.0,35.0,26.9,0.0,0,0.0,11.6,0,0,0,0,0.0,0.0,0.0,0.0,0.18,0.54,0.72,23.91,14,15,53,72,68,4.63,,275,102,254,84,292,98,299,101,,,,,,,0.01,0.0,0.04,0.05,1.63,1.5,423,94,101,66,274,104,329,123,0.95,0.27
Lisandro Martinez,Man Utd,DEF,5.0,51,0,2.8,0.8,0,0,1229,5,15,1,0,0,0,0,1,3,302.8,94.9,19.0,42.0,0.0,0,0.0,10.2,0,0,0,0,0.0,0.0,0.0,0.0,0.15,0.6,0.75,15.22,13,19,86,68,105,7.69,,201,75,241,78,313,111,264,88,,,,,,,0.01,0.0,0.04,0.05,1.11,1.1,276,49,253,132,193,81,215,81,0.95,0.37
Fabian Schär,Newcastle,DEF,5.0,51,0,3.2,0.2,0,0,1089,4,13,0,0,0,0,1,0,0,291.2,63.6,108.0,46.4,0.0,0,0.0,10.2,0,0,0,0,0.0,0.0,0.0,0.0,0.97,0.6,1.57,13.85,11,14,101,42,115,9.5,,205,77,272,91,225,67,256,82,,,2.0,,,,0.08,0.0,0.05,0.13,1.14,1.07,236,38,213,121,143,57,347,132,0.91,0.33
Tyrone Mings,Aston Villa,DEF,4.5,50,0,2.9,0.3,0,1,1322,3,23,0,0,0,0,1,0,4,282.6,80.5,105.0,46.8,0.0,0,0.0,11.1,0,0,0,0,0.0,0.0,0.0,0.0,1.3,0.42,1.72,23.37,15,5,102,47,107,7.28,,212,81,256,85,226,68,255,81,,,,,,,0.09,0.0,0.03,0.12,1.59,1.57,412,86,90,58,178,73,318,119,1.02,0.2
Dan Ndoye,Nott'm Forest,MID,5.5,50,0,2.1,0.5,1,2,1167,2,17,0,0,0,0,1,0,4,166.4,217.7,180.0,56.6,0.0,0,0.0,9.1,0,0,0,0,0.0,0.0,0.0,0.0,1.05,1.51,2.56,15.96,14,22,24,50,96,7.4,,265,121,152,103,173,92,230,118,,,,,,,0.08,0.0,0.12,0.2,1.23,1.31,170,106,429,157,277,118,258,83,1.08,0.15
Kevin Kevin,Fulham,MID,5.5,49,0,1.9,0.1,1,3,1030,4,15,0,0,0,0,1,0,0,216.0,246.6,243.0,70.4,0.0,0,0.0,8.9,0,0,0,0,0.0,0.0,0.0,0.0,1.21,1.47,2.68,14.57,9,21,17,48,86,7.51,,241,108,138,95,121,70,199,99,3.0,,,,,,0.11,0.0,0.13,0.24,1.27,1.31,210,133,469,184,296,128,468,192,0.79,0.35
Lucas Bergvall,Spurs,MID,5.5,49,0,2.1,0.2,1,3,955,3,18,0,0,0,0,2,0,0,164.6,106.4,147.0,41.5,0.0,0,0.0,8.9,0,0,0,0,0.0,0.0,0.0,0.0,1.23,0.43,1.66,13.66,11,22,18,39,79,7.45,,267,123,235,138,196,108,267,129,,,,,,,0.12,0.0,0.04,0.16,1.29,1.7,212,134,471,185,279,120,348,121,1.04,0.28
Nicolás Dominguez,Nott'm Forest,MID,5.0,48,0,1.8,0.1,1,1,1168,3,20,0,0,0,0,3,0,3,264.8,193.5,138.0,59.7,0.0,0,0.0,9.6,0,0,0,0,0.0,0.0,0.0,0.0,1.47,0.77,2.24,23.21,17,56,29,58,143,11.02,,219,96,175,117,198,109,223,113,,,,,,,0.11,0.0,0.06,0.17,1.79,1.54,293,176,270,63,303,132,447,179,1.31,0.23
Anthony Elanga,Newcastle,MID,6.0,48,0,1.5,0.7,0,1,1302,2,28,0,0,0,0,0,0,0,130.4,266.7,185.0,57.8,0.0,0,0.0,8.0,0,0,0,0,0.0,0.0,0.0,0.0,1.65,1.74,3.39,21.11,14,14,9,32,55,3.8,,290,134,135,92,168,88,228,117,4.0,,,,,,0.11,0.0,0.12,0.23,1.46,1.94,86,55,513,205,332,148,219,72,0.97,0.14
Andrey Andrey Santos,Man Utd,MID,5.0,47,0,1.7,1.2,1,0,1247,1,18,0,0,0,0,4,0,3,229.6,153.9,91.0,47.5,0.0,0,0.0,9.4,0,0,0,0,0.0,0.0,0.0,0.0,2.0,0.88,2.88,18.91,13,37,44,48,129,9.31,,233,103,200,128,241,129,251,124,,,,,,,0.14,0.0,0.06,0.2,1.36,1.3,356,208,333,95,316,139,178,59,0.94,0.07
Ryan Christie,Bournemouth,MID,5.0,47,0,1.8,0.0,2,1,978,3,14,0,0,0,0,3,1,2,226.6,197.0,220.0,64.7,0.0,0,0.0,9.4,0,0,0,0,0.0,0.0,0.0,0.0,1.81,0.79,2.6,19.14,9,27,34,62,123,11.32,Suspended until 29 Aug,235,105,173,115,138,78,210,107,6.0,,,,,,0.17,0.0,0.07,0.24,1.76,1.29,244,148,221,35,302,131,558,236,0.83,0.28
Wilson Odobert,Spurs,MID,5.5,46,0,1.9,0.0,0,2,972,2,13,0,0,0,0,0,0,6,158.8,284.3,234.0,67.6,0.0,0,0.0,8.4,0,0,0,0,0.0,0.0,0.0,0.0,1.92,1.21,3.13,14.24,10,10,14,53,77,7.13,Knee injury - Unknown return date,270,125,129,88,128,73,205,102,,,,,,,0.18,0.0,0.11,0.29,1.32,1.2,209,132,468,183,295,127,591,261,0.93,0.19
Bafodé Diakité,Bournemouth,DEF,5.0,46,0,2.6,0.2,0,0,1275,4,27,0,0,0,0,1,0,2,267.0,54.3,22.0,34.4,0.0,0,0.0,9.2,0,0,0,0,0.0,0.0,0.0,0.0,0.02,0.19,0.21,22.47,15,20,97,48,117,8.26,,217,83,280,95,308,107,279,91,,,,,,,0.0,0.0,0.01,0.01,1.59,1.91,290,52,267,135,224,91,369,136,1.06,0.28
Liam Delap,Chelsea,FWD,5.5,45,0,1.6,0.5,1,2,1092,2,18,0,0,0,0,4,0,1,67.8,73.7,349.0,47.3,0.0,0,0.0,8.2,0,0,0,0,0.0,0.0,0.0,0.0,4.54,0.23,4.76,16.67,12,5,12,25,42,3.46,,323,36,263,31,77,22,254,32,,,,,4.0,,0.37,0.0,0.02,0.39,1.37,1.48,172,39,431,35,326,36,261,46,0.99,0.16
Benjamin White,Arsenal,DEF,5.5,45,0,3.8,3.1,0,1,699,5,6,0,0,0,0,0,0,3,154.8,133.4,54.0,34.3,0.0,0,0.0,8.2,0,0,0,0,0.0,0.0,0.0,0.0,0.45,0.69,1.14,8.68,9,15,38,28,53,6.82,,272,101,213,58,275,89,280,92,,,,,,,0.06,0.0,0.09,0.15,1.12,0.77,129,13,388,164,71,27,99,37,1.16,0.64
Will Hughes,Crystal Palace,MID,4.5,45,0,1.5,11.0,0,1,1560,5,18,0,0,0,0,7,0,0,198.0,322.9,90.0,60.9,0.0,0,0.0,10.0,0,0,0,0,0.0,0.0,0.0,0.0,1.11,1.94,3.05,25.35,19,28,54,66,148,8.54,,253,115,110,79,243,131,220,111,3.0,,,,,,0.06,0.0,0.11,0.17,1.46,1.04,404,238,82,2,328,145,40,14,1.1,0.29
Evann Guessand,Crystal Palace,MID,5.5,44,0,2.1,0.0,1,3,909,2,15,0,0,0,0,0,0,0,159.4,76.6,187.0,42.0,0.0,0,0.0,8.0,0,0,0,0,0.0,0.0,0.0,0.0,1.56,0.85,2.41,14.48,9,24,16,43,83,8.22,,269,124,261,144,164,87,265,127,,,,,,,0.15,0.0,0.08,0.23,1.43,1.49,187,115,446,166,278,119,515,217,0.89,0.2
Conor Gallagher,Spurs,MID,5.5,44,0,2.8,0.3,1,1,1183,2,23,0,0,0,0,2,0,3,190.6,205.9,154.0,55.1,0.0,0,0.0,8.0,0,0,0,0,0.0,0.0,0.0,0.0,1.23,0.7,1.93,19.03,14,22,29,73,124,9.43,,256,116,163,109,194,107,235,121,,,,,,,0.09,0.0,0.05,0.14,1.45,1.75,147,91,406,142,197,74,312,104,1.07,0.15
Taiwo Awoniyi,Coventry City,FWD,5.5,43,0,2.5,0.6,4,2,480,1,4,0,0,0,0,2,0,4,177.2,79.0,235.0,48.4,0.0,0,0.0,7.8,0,0,0,0,0.0,0.0,0.0,0.0,3.68,0.77,4.45,10.35,3,2,6,18,26,4.88,,258,25,258,30,126,31,247,28,,,,,,,0.69,0.0,0.14,0.83,1.94,0.75,139,35,398,31,235,24,249,43,0.56,0.19
Rio Ngumoha,Liverpool,MID,6.0,43,0,2.3,1.2,2,1,547,2,12,0,0,0,0,0,0,4,176.0,222.8,203.0,60.1,0.0,0,0.0,7.2,0,0,0,0,0.0,0.0,0.0,0.0,1.34,2.01,3.35,8.92,5,4,7,19,30,4.94,,260,118,151,102,152,83,222,112,,,,,,,0.22,0.0,0.33,0.55,1.47,1.97,109,71,536,221,261,109,174,58,0.82,0.33
Matthijs De Ligt,Man Utd,DEF,5.0,43,0,3.3,0.0,1,0,1170,1,20,0,0,0,0,0,0,5,276.6,60.2,122.0,45.7,0.0,0,0.0,8.6,0,0,0,0,0.0,0.0,0.0,0.0,1.38,0.83,2.21,18.73,13,19,88,40,107,8.23,Back injury - Unknown return date,214,82,275,93,213,60,259,84,,,,,,,0.11,0.0,0.06,0.17,1.44,1.54,262,43,239,126,127,49,525,176,1.0,0.08
Sávio Savinho,Man City,MID,6.5,43,0,1.8,0.1,1,2,817,3,7,0,0,0,0,2,0,1,138.6,198.4,321.0,65.8,0.0,0,0.0,6.6,0,0,0,0,0.0,0.0,0.0,0.0,2.5,1.59,4.09,11.24,7,9,11,39,59,6.5,,286,132,171,113,88,55,209,106,,,,,,,0.28,0.0,0.18,0.46,1.24,0.77,51,36,558,239,310,135,420,168,0.77,0.33
Lucas Estella Perri,Leeds,GKP,4.5,43,0,2.7,0.6,0,0,1440,3,29,0,0,0,38,2,0,3,322.4,0.0,0.0,32.2,0.0,0,0.0,9.6,0,0,0,0,0.0,0.0,0.0,0.0,0.0,0.0,0.0,26.68,16,0,16,100,0,0.0,,192,19,451,44,435,36,284,19,,,,,,,0.0,2.38,0.0,0.0,1.67,1.81,426,32,104,32,203,24,235,30,1.0,0.19
Conor Bradley,Liverpool,DEF,5.0,42,0,2.8,0.0,0,2,928,4,13,0,0,0,0,5,0,2,157.4,105.2,62.0,32.3,0.0,0,0.0,8.4,0,0,0,0,0.0,0.0,0.0,0.0,0.18,0.84,1.02,10.77,12,19,46,43,65,6.3,Knee injury - Unknown return date,271,100,237,75,268,85,283,94,,,,,,,0.02,0.0,0.08,0.1,1.04,1.26,335,68,312,151,195,83,564,192,1.16,0.39
Oscar Bobb,Fulham,MID,5.5,42,0,1.8,0.3,0,2,1030,4,13,0,0,0,0,1,0,0,140.4,315.4,205.0,66.4,0.0,0,0.0,7.6,0,0,0,0,0.0,0.0,0.0,0.0,1.47,2.1,3.57,12.71,11,21,12,43,76,6.64,,282,130,114,81,150,81,207,104,2.0,,,,,,0.13,0.0,0.18,0.31,1.11,1.14,183,112,442,163,308,134,296,97,0.96,0.35
Ayden Heaven,Man Utd,DEF,4.5,42,0,2.5,0.4,0,1,920,2,15,1,0,0,0,2,0,3,233.6,32.0,26.0,29.1,0.0,0,0.0,9.3,0,0,0,0,0.0,0.0,0.0,0.0,0.34,0.18,0.52,11.95,11,22,71,39,93,9.1,,231,87,307,105,303,103,292,99,,,,,,,0.03,0.0,0.02,0.05,1.17,1.47,514,142,192,114,230,94,291,109,1.08,0.2
Joshua Zirkzee,Man Utd,FWD,5.5,42,0,1.8,0.7,2,1,607,2,8,0,0,0,0,3,0,6,164.4,177.7,245.0,58.3,0.0,0,0.0,7.6,0,0,0,0,0.0,0.0,0.0,0.0,2.74,0.34,3.08,9.41,5,9,14,21,44,6.52,,268,26,185,17,117,30,225,25,,,,,,,0.41,0.0,0.05,0.46,1.4,1.19,171,38,430,34,307,31,230,39,0.74,0.3
Chris Wood,Nott'm Forest,FWD,6.0,41,0,2.7,1.7,3,0,896,2,14,0,0,0,0,0,0,4,139.0,88.4,266.0,48.0,0.0,0,0.0,6.8,0,0,0,0,0.0,0.0,0.0,0.0,4.29,0.32,4.61,14.44,11,1,14,14,29,2.91,,285,31,244,26,111,28,249,29,,,,,1.0,,0.43,0.0,0.03,0.46,1.45,1.41,58,14,485,45,213,21,141,19,1.1,0.2
Alexander Isak,Liverpool,FWD,9.0,41,0,2.9,15.4,3,1,694,1,9,0,0,0,0,0,0,4,146.4,39.2,191.0,36.9,0.0,0,0.0,4.6,0,0,0,0,0.0,0.0,0.0,0.0,2.59,0.08,2.67,8.38,8,7,10,13,30,3.89,,277,28,299,37,162,33,273,34,,,,,1.0,,0.34,0.0,0.01,0.35,1.09,1.17,5,2,588,69,188,18,25,5,1.04,0.13
Tom Cairney,Fulham,MID,5.0,41,0,1.7,0.0,2,0,756,2,10,0,0,0,0,3,0,1,153.4,195.6,64.0,41.4,0.0,0,0.0,8.2,0,0,0,0,0.0,0.0,0.0,0.0,1.21,0.81,2.02,11.67,6,7,12,42,61,7.26,Knee injury - Expected back 10 Oct,273,126,174,116,265,141,268,130,,,,,,,0.14,0.0,0.1,0.24,1.39,1.19,225,140,202,27,313,136,568,243,0.71,0.24
Justin Kluivert,Bournemouth,MID,6.0,41,0,2.0,1.1,2,0,945,4,19,0,0,0,0,5,0,3,148.0,305.1,135.0,58.8,0.0,0,0.0,6.8,0,0,0,0,0.0,0.0,0.0,0.0,2.31,1.55,3.86,17.96,10,10,9,46,65,6.19,,276,127,124,86,202,112,224,114,3.0,,2.0,,2.0,,0.22,0.0,0.15,0.37,1.71,1.81,74,47,501,197,290,124,182,62,0.95,0.38
Dominic Solanke,Spurs,FWD,6.0,40,0,2.7,1.7,3,0,997,0,21,0,0,0,0,1,0,4,205.0,84.1,339.0,62.7,0.0,0,0.0,6.7,0,0,0,0,0.0,0.0,0.0,0.0,2.97,0.34,3.3,17.8,11,22,16,33,71,6.41,,248,23,249,28,81,23,217,23,,,,,1.0,,0.27,0.0,0.03,0.3,1.61,1.9,61,15,488,46,214,22,142,20,0.99,0.0
Cristhian Mosquera,Arsenal,DEF,5.5,40,0,2.0,11.5,0,0,986,3,8,0,0,0,0,4,0,1,219.2,88.7,20.0,32.9,0.0,0,0.0,7.3,0,0,0,0,0.0,0.0,0.0,0.0,0.1,0.63,0.73,9.04,9,32,63,35,95,8.67,,239,90,243,79,310,108,282,93,,,,,,,0.01,0.0,0.06,0.07,0.83,0.73,196,29,455,180,288,110,37,13,0.82,0.27
Lewis Cook,Bournemouth,MID,5.0,40,0,2.2,0.1,0,1,872,1,19,0,0,0,0,1,1,0,206.8,183.8,12.0,40.6,0.0,0,0.0,8.0,0,0,0,0,0.0,0.0,0.0,0.0,0.07,0.52,0.59,14.0,8,25,56,62,143,14.76,,247,111,181,120,324,165,269,131,5.0,,,,,,0.01,0.0,0.05,0.06,1.44,1.96,243,147,220,34,266,111,408,160,0.83,0.1
Lamare Bogarde,Aston Villa,MID,5.0,40,0,1.4,0.1,0,0,1042,2,17,0,0,0,0,5,0,4,133.0,59.4,14.0,20.6,0.0,0,0.0,8.0,0,0,0,0,0.0,0.0,0.0,0.0,0.0,0.2,0.2,15.38,11,26,34,43,60,5.18,,288,133,277,152,322,164,309,147,,,,,,,0.0,0.0,0.02,0.02,1.33,1.47,354,207,331,94,339,153,473,196,0.95,0.17
Nicolò Savona,Nott'm Forest,DEF,4.5,39,0,2.8,0.0,2,0,1025,3,18,0,0,0,0,2,0,0,216.6,123.2,94.0,43.5,0.0,0,0.0,8.7,0,0,0,0,0.0,0.0,0.0,0.0,1.34,0.45,1.79,15.04,11,20,37,27,57,5.0,Knee injury - Unknown return date,240,91,223,63,239,74,262,87,,,,,,,0.12,0.0,0.04,0.16,1.32,1.58,481,130,159,102,192,80,589,195,0.97,0.26
Josh Acheampong,Chelsea,DEF,4.5,39,0,2.3,0.3,1,0,657,2,13,0,0,0,0,1,0,5,132.6,40.9,70.0,24.4,0.0,0,0.0,8.7,0,0,0,0,0.0,0.0,0.0,0.0,0.62,0.13,0.75,15.66,8,11,33,26,44,6.03,,289,104,296,101,261,84,302,102,,,,,,,0.08,0.0,0.02,0.1,2.15,1.78,506,140,184,112,255,100,319,120,1.1,0.27
Jorge J.Cuenca,Fulham,DEF,4.5,39,0,2.6,0.0,0,0,935,2,11,0,0,0,0,6,0,1,249.6,47.2,14.0,31.2,0.0,0,0.0,8.7,0,0,0,0,0.0,0.0,0.0,0.0,0.05,0.53,0.58,14.7,11,16,101,40,117,11.26,,224,84,289,98,320,115,286,95,,,,,,,0.0,0.0,0.05,0.05,1.41,1.06,452,117,130,89,220,89,547,187,1.06,0.19
Olivier Boscagli,Brighton,DEF,4.5,39,0,3.2,0.2,0,1,799,3,10,0,0,0,0,2,0,4,215.6,82.2,12.0,31.1,0.0,0,0.0,8.7,0,0,0,0,0.0,0.0,0.0,0.0,0.05,0.47,0.52,10.87,9,16,62,54,78,8.79,,242,92,253,83,323,116,287,96,,,,,,,0.01,0.0,0.05,0.06,1.22,1.13,427,97,105,69,139,53,357,135,1.01,0.34
Manuel Ugarte,Man Utd,MID,5.0,38,0,1.7,0.0,0,0,876,1,23,0,0,0,0,1,0,0,167.2,83.6,48.0,29.8,0.0,0,0.0,7.6,0,0,0,0,0.0,0.0,0.0,0.0,0.72,0.16,0.88,18.22,8,46,45,51,142,14.59,Knee injury - Unknown return date,263,119,250,141,278,148,289,140,,,,,,,0.07,0.0,0.02,0.09,1.87,2.36,284,169,261,56,314,137,587,258,0.82,0.1
Joe Willock,Newcastle,MID,5.0,38,0,1.6,0.1,0,2,972,3,18,0,0,0,0,3,0,0,145.4,205.8,204.0,55.5,0.0,0,0.0,7.6,0,0,0,0,0.0,0.0,0.0,0.0,1.26,1.07,2.33,17.83,10,20,17,52,89,8.24,,278,128,164,110,151,82,233,119,,,,,,,0.12,0.0,0.1,0.22,1.65,1.67,253,154,230,41,322,140,424,170,0.93,0.28
Federico Chiesa,Liverpool,MID,5.5,37,0,1.4,0.2,2,1,317,0,9,0,0,0,0,3,0,0,122.0,47.5,182.0,34.9,0.0,0,0.0,6.7,0,0,0,0,0.0,0.0,0.0,0.0,1.45,0.61,2.06,6.5,1,8,13,9,30,8.52,,292,135,287,155,172,91,278,136,,,,,,,0.41,0.0,0.17,0.58,1.85,2.56,143,89,402,140,340,154,385,143,0.28,0.0
Aaron Hickey,Brentford,DEF,4.5,37,0,1.8,0.1,0,0,679,2,9,0,0,0,0,1,0,0,101.4,17.1,43.0,16.0,0.0,0,0.0,8.2,0,0,0,0,0.0,0.0,0.0,0.0,0.44,0.17,0.61,9.03,8,15,36,35,51,6.76,,304,109,328,114,281,91,320,109,,,,,,,0.06,0.0,0.02,0.08,1.2,1.19,466,125,144,97,301,112,477,163,1.06,0.27
Justin Devenny,Crystal Palace,MID,5.0,36,0,1.7,0.0,1,0,785,1,15,0,0,0,0,0,0,0,115.0,101.8,168.0,38.4,0.0,0,0.0,7.2,0,0,0,0,0.0,0.0,0.0,0.0,2.38,0.39,2.77,14.71,7,25,13,34,72,8.25,,297,136,238,139,179,97,271,132,,,2.0,,3.0,,0.27,0.0,0.04,0.31,1.69,1.72,329,191,306,78,315,138,567,242,0.8,0.11
Kai Havertz,Arsenal,FWD,7.5,36,0,3.0,4.4,2,3,577,4,4,0,0,0,0,1,0,3,152.6,134.6,210.0,49.9,0.0,0,0.0,4.8,0,0,0,0,0.0,0.0,0.0,0.0,3.31,0.64,3.95,6.68,7,8,10,14,32,4.99,,274,27,211,23,145,32,245,27,,,,,,,0.52,0.0,0.1,0.62,1.04,0.62,14,5,572,63,177,17,78,12,1.09,0.62
Merlin Röhl,Everton,MID,5.0,36,0,2.2,0.1,1,1,675,2,13,0,0,0,0,0,0,2,113.0,87.4,62.0,26.3,0.0,0,0.0,7.2,0,0,0,0,0.0,0.0,0.0,0.0,0.67,0.35,1.02,13.31,6,25,15,28,68,9.07,,300,138,245,140,269,144,300,144,,,,,,,0.09,0.0,0.05,0.14,1.77,1.73,350,203,327,90,270,115,478,198,0.8,0.27
Rodrigo Muniz,Fulham,FWD,5.5,36,0,1.7,0.6,1,1,987,3,13,1,0,0,0,2,0,3,113.2,93.2,287.0,47.3,0.0,0,0.0,6.5,0,0,0,0,0.0,0.0,0.0,0.0,3.3,0.15,3.45,13.83,10,8,29,15,52,4.74,,299,33,242,25,103,24,253,31,,,,,,,0.3,0.0,0.01,0.31,1.26,1.19,150,36,409,32,317,33,239,40,0.91,0.27
Chris Rigg,Sunderland,MID,5.0,36,0,2.0,0.1,1,1,758,3,11,0,0,0,0,1,0,1,114.6,142.8,103.0,36.0,0.0,0,0.0,7.2,0,0,0,0,0.0,0.0,0.0,0.0,0.86,0.93,1.79,12.46,11,13,15,29,57,6.77,,298,137,207,131,231,124,276,134,,,,,,,0.1,0.0,0.11,0.21,1.48,1.31,371,221,348,108,287,122,459,188,1.31,0.36
Charalampos Kostoulas,Brighton,FWD,5.5,35,0,1.7,0.2,2,1,351,1,9,0,0,0,0,2,0,3,143.6,126.5,255.0,52.4,0.0,0,0.0,6.4,0,0,0,0,0.0,0.0,0.0,0.0,2.12,0.54,2.66,6.04,2,11,5,25,41,10.51,,279,29,220,24,114,29,240,26,,,,,,,0.54,0.0,0.14,0.68,1.55,2.31,222,46,481,42,318,34,331,55,0.51,0.26
Giorgi Mamardashvili,Liverpool,GKP,5.0,34,0,3.4,0.2,0,0,867,2,18,0,1,0,34,0,0,2,275.6,0.0,0.0,27.5,0.0,0,0.0,6.8,0,0,0,0,0.0,0.0,0.0,0.0,0.0,0.0,0.0,13.29,10,1,10,76,0,0.0,,215,20,521,63,518,61,293,20,,,,,,,0.0,3.53,0.0,0.0,1.38,1.87,305,16,282,58,112,14,382,41,1.04,0.21
Tosin Tosin,Chelsea,DEF,4.5,34,0,2.1,0.2,0,0,788,2,14,0,0,0,0,2,0,2,240.4,33.3,19.0,29.3,0.0,0,0.0,7.6,0,0,0,0,0.0,0.0,0.0,0.0,0.11,0.4,0.5,13.25,8,17,80,22,97,11.08,,226,85,305,104,311,109,290,97,,,,,,,0.01,0.0,0.05,0.06,1.51,1.6,406,84,84,56,272,103,355,134,0.91,0.23
Simon Adingra,Sunderland,MID,5.0,34,0,2.4,0.3,1,1,649,4,8,0,0,0,0,2,0,3,81.4,116.8,75.0,27.0,0.0,0,0.0,6.8,0,0,0,0,0.0,0.0,0.0,0.0,0.35,0.62,0.97,11.3,9,11,13,21,45,6.24,,315,143,225,137,254,136,298,143,,,,,,,0.05,0.0,0.09,0.14,1.57,1.11,358,210,335,97,248,101,316,107,1.25,0.55
Joe Gomez,Liverpool,DEF,5.0,33,0,1.6,0.0,0,2,594,2,14,0,0,0,0,4,0,2,122.8,77.8,31.0,23.2,0.0,0,0.0,6.6,0,0,0,0,0.0,0.0,0.0,0.0,0.28,0.64,0.92,9.31,7,10,36,20,46,6.97,Muscular injury - Unknown return date,291,105,259,86,298,101,305,104,,,,,,,0.04,0.0,0.1,0.14,1.41,2.12,247,40,224,123,321,117,524,175,1.06,0.3
Jarrad Branthwaite,Everton,DEF,5.5,32,0,3.2,1.8,1,1,678,1,9,0,0,0,0,1,0,0,175.0,42.8,75.0,29.3,0.0,0,0.0,5.8,0,0,0,0,0.0,0.0,0.0,0.0,0.34,0.11,0.45,9.43,7,14,53,30,67,8.89,,261,98,295,100,255,80,291,98,,,,,,,0.05,0.0,0.01,0.06,1.25,1.19,184,27,443,178,149,59,138,58,0.93,0.13
Wilfried Gnonto,Leeds,MID,5.0,32,0,1.4,0.1,0,3,521,1,14,0,0,0,0,3,0,0,85.2,129.3,61.0,27.5,0.0,0,0.0,6.4,0,0,0,0,0.0,0.0,0.0,0.0,0.4,0.77,1.17,11.99,4,18,15,26,59,10.19,Hamstring injury - 25% chance of playing,313,142,218,135,270,145,294,141,,,,,,,0.07,0.0,0.13,0.2,2.07,2.42,336,196,313,83,336,150,455,185,0.69,0.17
Issa Diop,Ipswich Town,DEF,4.0,31,0,2.4,18.2,1,0,812,1,13,0,0,0,0,2,0,3,190.8,8.0,31.0,23.0,0.0,0,0.0,7.8,0,0,0,0,0.0,0.0,0.0,0.0,0.8,0.05,0.85,12.42,8,6,55,19,61,6.76,,255,96,345,119,297,100,306,105,,,,,,,0.09,0.0,0.01,0.1,1.38,1.44,549,161,27,16,242,98,21,7,0.89,0.11
Ryan Yates,Nott'm Forest,MID,4.5,30,0,1.4,5.6,0,2,602,0,7,0,0,0,0,3,0,0,139.0,79.7,55.0,27.2,0.0,0,0.0,6.7,0,0,0,0,0.0,0.0,0.0,0.0,0.49,0.37,0.86,8.56,2,16,35,18,69,10.32,Unspecified injury - 75% chance of playing,284,131,257,143,273,146,295,142,,,,,,,0.07,0.0,0.06,0.13,1.28,1.05,428,241,106,5,333,149,66,23,0.3,0.0
Victor Lindelöf,Aston Villa,DEF,4.5,29,0,1.7,0.2,0,1,942,1,15,0,0,0,0,0,0,0,167.8,36.6,22.0,22.7,0.0,0,0.0,6.4,0,0,0,0,0.0,0.0,0.0,0.0,0.28,0.1,0.38,15.93,11,7,47,19,54,5.16,,262,99,302,103,307,106,307,106,,,,,,,0.03,0.0,0.01,0.04,1.52,1.43,421,92,99,64,311,114,337,127,1.05,0.1
Myles Lewis-Skelly,Arsenal,MID,5.5,29,0,1.4,0.5,0,0,697,2,8,0,0,0,0,3,0,0,73.2,74.6,29.0,17.6,0.0,0,0.0,5.3,0,0,0,0,0.0,0.0,0.0,0.0,0.1,0.2,0.3,9.01,5,8,17,30,25,3.23,,318,144,262,145,302,157,315,150,,,,,,,0.01,0.0,0.03,0.04,1.16,1.03,194,120,453,171,341,155,257,82,0.65,0.26
Destiny Udogie,Spurs,DEF,4.5,29,0,1.4,0.5,0,1,1335,1,25,0,0,0,0,4,0,1,207.2,187.0,103.0,49.8,0.0,0,0.0,6.4,0,0,0,0,0.0,0.0,0.0,0.0,0.18,0.72,0.9,19.15,14,31,37,70,68,4.58,,246,94,179,44,230,69,246,79,,,,,,,0.01,0.0,0.05,0.06,1.29,1.69,471,127,149,99,334,119,265,99,0.94,0.07
Carlos Alcaraz,Everton,MID,5.0,29,0,1.4,0.1,0,1,679,3,10,0,0,0,0,4,0,0,93.8,161.9,162.0,41.8,0.0,0,0.0,5.8,0,0,0,0,0.0,0.0,0.0,0.0,1.17,0.54,1.71,13.56,6,14,13,43,70,9.28,,308,139,188,124,186,102,266,128,,,,,,,0.16,0.0,0.07,0.23,1.8,1.33,345,201,322,88,338,152,456,186,0.8,0.4
Enes Enes Ünal,Bournemouth,FWD,5.5,27,0,1.2,0.1,1,0,214,0,3,0,0,0,0,1,0,1,70.2,25.0,104.0,19.1,0.0,0,0.0,4.9,0,0,0,0,0.0,0.0,0.0,0.0,2.0,0.07,2.07,6.16,0,1,15,7,23,9.67,Has joined Getafe permanently,322,35,315,40,229,38,311,37,,,,,,,0.84,0.0,0.03,0.87,2.59,1.26,119,29,378,25,350,40,426,63,0.0,0.0
Yoane Wissa,Newcastle,FWD,6.0,27,0,1.4,1.6,1,1,517,1,11,0,0,0,0,3,0,0,58.0,46.7,163.0,25.5,0.0,0,0.0,4.5,0,0,0,0,0.0,0.0,0.0,0.0,3.13,0.54,3.67,9.97,4,5,3,14,22,3.83,,331,38,291,35,185,35,301,36,,,,,3.0,,0.54,0.0,0.09,0.63,1.74,1.91,72,19,499,50,342,37,149,23,0.7,0.17
Dilane Bakwa,Nott'm Forest,MID,5.5,26,0,1.9,0.0,0,2,549,2,10,0,0,0,0,1,0,1,86.4,178.8,95.0,35.6,0.0,0,0.0,4.7,0,0,0,0,0.0,0.0,0.0,0.0,0.54,1.01,1.55,10.94,6,4,3,28,35,5.74,,312,141,184,121,238,127,277,135,,,,,,,0.09,0.0,0.17,0.26,1.79,1.64,181,111,440,162,294,126,556,234,0.98,0.33
Luke O'Nien,Sunderland,DEF,4.0,26,0,2.2,3.1,0,1,565,2,7,0,0,0,0,1,1,1,103.0,27.6,40.0,17.1,0.0,0,0.0,6.5,0,0,0,0,0.0,0.0,0.0,0.0,0.15,0.13,0.28,9.24,5,6,37,10,43,6.85,,301,107,314,109,284,94,317,108,,,,,,,0.02,0.0,0.02,0.04,1.47,1.12,537,152,15,7,262,101,97,35,0.8,0.32
Jamie Gittens,Chelsea,MID,6.0,25,0,1.6,0.0,0,2,486,1,7,0,0,0,0,0,0,0,93.0,130.4,91.0,31.3,0.0,0,0.0,4.2,0,0,0,0,0.0,0.0,0.0,0.0,0.81,0.94,1.75,8.89,5,8,6,15,29,5.37,,309,140,216,134,242,130,285,138,,,,,,,0.15,0.0,0.17,0.32,1.65,1.3,89,57,516,207,327,144,500,211,0.93,0.19
Sebastiaan Bornauw,Leeds,DEF,4.5,25,0,2.1,0.0,0,0,429,2,5,0,0,0,0,1,0,0,98.6,6.3,19.0,12.2,0.0,0,0.0,5.6,0,0,0,0,0.0,0.0,0.0,0.0,0.2,0.01,0.21,8.71,5,8,41,13,49,10.28,,305,110,352,124,312,110,329,113,,,,,,,0.04,0.0,0.0,0.04,1.83,1.05,456,120,134,92,276,106,562,190,1.05,0.42
Gabriel G.Jesus,Arsenal,FWD,6.0,24,0,1.7,0.4,3,0,418,1,6,0,0,0,0,3,0,0,141.8,54.3,281.0,47.5,0.0,0,0.0,4.0,0,0,0,0,0.0,0.0,0.0,0.0,2.71,0.26,2.97,3.97,3,4,7,19,30,6.46,,280,30,281,33,107,27,252,30,,,,,,,0.58,0.0,0.06,0.64,0.85,1.29,68,17,495,48,319,35,288,50,0.65,0.22
Eddie Nketiah,Crystal Palace,FWD,5.5,23,0,1.9,0.5,2,0,414,0,12,0,0,0,0,2,0,3,120.0,84.6,173.0,37.8,0.0,0,0.0,4.2,0,0,0,0,0.0,0.0,0.0,0.0,1.77,0.46,2.23,9.49,2,8,13,17,38,8.26,,293,32,247,27,178,34,272,33,,,,,,,0.38,0.0,0.1,0.48,2.06,2.61,135,34,394,30,293,30,263,47,0.43,0.0
Daniel James,Leeds,MID,5.0,23,0,1.2,0.1,0,0,547,1,16,0,0,0,0,0,0,0,70.8,133.1,133.0,33.9,0.0,0,0.0,4.6,0,0,0,0,0.0,0.0,0.0,0.0,0.91,0.71,1.62,14.39,6,7,9,19,35,5.76,,321,146,214,133,203,113,281,137,,,,,,,0.15,0.0,0.12,0.27,2.37,2.63,254,155,231,42,348,160,418,167,0.99,0.16
Tammy Abraham,Aston Villa,FWD,5.5,23,0,1.9,0.2,2,0,278,0,8,0,0,0,0,0,0,2,87.2,49.2,136.0,27.1,0.0,0,0.0,4.2,0,0,0,0,0.0,0.0,0.0,0.0,2.05,0.36,2.41,5.12,2,4,3,6,13,4.21,Knock - 75% chance of playing,311,34,286,34,200,36,297,35,,,,,,,0.66,0.0,0.12,0.78,1.66,2.59,122,31,381,27,292,29,346,57,0.65,0.0
Nathan Patterson,Everton,DEF,4.5,22,0,3.1,0.0,0,0,238,2,2,0,0,0,0,0,0,0,65.6,6.4,17.0,8.8,0.0,0,0.0,4.9,0,0,0,0,0.0,0.0,0.0,0.0,0.03,0.04,0.07,3.67,3,10,21,14,31,11.72,,327,117,351,123,317,114,342,117,,,,,,,0.01,0.0,0.02,0.03,1.39,0.76,449,114,127,86,156,63,519,172,1.13,0.76
Harrison Armstrong,Everton,MID,5.0,21,0,1.6,0.1,0,0,524,1,11,0,0,0,0,0,0,0,60.0,69.7,78.0,21.0,0.0,0,0.0,4.2,0,0,0,0,0.0,0.0,0.0,0.0,0.79,0.22,1.01,10.93,6,13,13,24,50,8.59,,330,148,264,146,252,134,308,146,,,,,,,0.14,0.0,0.04,0.18,1.88,1.89,380,228,357,115,324,142,463,190,1.03,0.17
Leon Bailey,Aston Villa,MID,5.5,21,0,1.6,0.1,0,2,450,0,9,0,0,0,0,1,0,0,71.2,160.4,69.0,30.1,0.0,0,0.0,3.8,0,0,0,0,0.0,0.0,0.0,0.0,0.5,1.46,1.96,7.03,3,10,7,31,48,9.6,,319,145,192,125,263,139,288,139,,,,,,,0.1,0.0,0.29,0.39,1.41,1.8,140,87,399,138,325,143,400,153,0.6,0.0
Antonín Kinsky,Spurs,GKP,4.5,20,0,2.9,20.9,0,0,630,2,7,0,0,0,10,1,0,0,102.6,0.0,0.0,10.3,0.0,0,0.0,4.4,0,0,0,0,0.0,0.0,0.0,0.0,0.0,0.0,0.0,5.55,7,0,10,33,0,0.0,,303,24,468,51,454,44,336,24,,,,,,,0.0,1.43,0.0,0.0,0.79,1.0,470,40,148,40,182,22,16,3,1.0,0.29
Chadi Chadi Riad,Crystal Palace,DEF,4.5,20,0,2.2,0.1,0,1,550,1,8,0,0,0,0,2,0,0,117.8,23.9,41.0,18.3,0.0,0,0.0,4.4,0,0,0,0,0.0,0.0,0.0,0.0,0.33,0.13,0.46,9.09,6,8,37,32,45,7.36,,296,106,318,111,283,93,312,107,,,,,,,0.05,0.0,0.02,0.07,1.49,1.31,486,132,164,104,264,102,453,156,0.98,0.16
Rico Lewis,Man City,DEF,4.5,19,0,1.7,0.2,0,1,401,1,7,0,0,0,0,2,0,2,70.8,112.5,55.0,23.8,0.0,0,0.0,4.2,0,0,0,0,0.0,0.0,0.0,0.0,0.19,1.39,1.58,6.81,4,5,14,15,19,4.26,,320,114,229,68,274,88,304,103,,,,,,,0.04,0.0,0.31,0.35,1.53,1.57,469,126,147,98,312,115,349,133,0.9,0.22
Jorrel Hato,Chelsea,DEF,4.5,19,0,0.9,0.6,0,0,1139,0,27,0,0,0,0,7,0,0,233.2,114.9,36.0,38.4,0.0,0,0.0,4.2,0,0,0,0,0.0,0.0,0.0,0.0,0.3,0.61,0.91,18.5,12,36,63,50,99,7.82,,232,88,227,66,290,97,270,89,,,,,,,0.02,0.0,0.05,0.07,1.46,2.13,495,136,173,108,392,131,233,89,0.95,0.0
Veljko Milosavljević,Bournemouth,DEF,5.0,19,0,2.7,0.0,0,0,367,1,6,0,0,0,0,0,0,0,98.4,13.9,10.0,12.2,0.0,0,0.0,3.8,0,0,0,0,0.0,0.0,0.0,0.0,0.15,0.19,0.34,4.42,4,5,34,13,39,9.56,Unspecified injury - Unknown return date,306,111,331,117,328,118,330,114,,,,,,,0.04,0.0,0.05,0.09,1.08,1.47,383,77,360,160,207,85,537,181,0.98,0.25
Tyler Dibling,Everton,MID,5.5,18,0,1.3,0.0,0,0,349,2,2,0,0,0,0,2,0,0,46.0,61.0,32.0,13.6,0.0,0,0.0,3.3,0,0,0,0,0.0,0.0,0.0,0.0,0.2,0.14,0.34,6.65,4,7,11,22,40,10.32,,336,152,274,150,296,154,324,153,,,,,,,0.05,0.0,0.04,0.09,1.71,0.52,193,119,452,170,346,158,499,210,1.03,0.52
James McAtee,Nott'm Forest,MID,5.5,17,0,1.2,0.0,0,1,288,0,9,0,0,0,0,1,0,0,51.6,82.0,39.0,17.3,0.0,0,0.0,3.1,0,0,0,0,0.0,0.0,0.0,0.0,0.18,0.37,0.55,7.34,2,7,7,18,32,10.0,,334,150,255,142,287,151,316,151,3.0,,,,,,0.06,0.0,0.12,0.18,2.29,2.81,156,98,415,149,351,161,512,216,0.62,0.0
Christantus Uche,Crystal Palace,FWD,5.0,17,0,1.2,0.0,0,1,159,0,4,0,0,0,0,0,0,0,13.2,7.1,73.0,8.8,0.0,0,0.0,3.4,0,0,0,0,0.0,0.0,0.0,0.0,0.49,0.01,0.5,4.63,0,1,3,9,13,7.36,has returned to Getafe CF,364,41,348,43,257,40,343,41,,,,,,,0.28,0.0,0.01,0.29,2.62,2.26,389,58,366,23,349,39,592,70,0.0,0.0
Joël Piroe,Leeds,FWD,5.0,17,0,1.1,0.5,0,0,244,1,9,0,0,0,0,0,0,0,13.6,38.1,120.0,16.5,0.0,0,0.0,3.4,0,0,0,0,0.0,0.0,0.0,0.0,0.9,0.13,1.03,6.81,2,2,2,10,14,5.16,,362,40,300,38,216,37,319,39,,,,,3.0,,0.33,0.0,0.05,0.38,2.51,3.32,288,52,265,17,353,41,256,45,0.74,0.37
Marco M.Bizot,Aston Villa,GKP,4.5,16,0,2.3,0.1,0,0,585,1,10,0,0,0,19,2,0,0,139.2,0.0,0.0,13.9,0.0,0,0.0,3.6,0,0,0,0,0.0,0.0,0.0,0.0,0.0,0.0,0.0,11.02,6,0,10,53,0,0.0,,283,21,439,35,422,26,323,21,,,,,,,0.0,2.92,0.0,0.0,1.7,1.54,395,22,73,22,253,25,410,44,0.92,0.15
Melker Ellborg,Sunderland,GKP,4.5,16,0,5.3,0.1,0,0,270,1,2,0,0,0,10,0,0,3,73.6,0.0,0.0,7.4,0.0,0,0.0,3.6,0,0,0,0,0.0,0.0,0.0,0.0,0.0,0.02,0.02,4.1,3,0,6,33,0,0.0,,317,27,476,53,464,47,350,27,,,,,,,0.0,3.33,0.01,0.01,1.37,0.67,485,43,163,43,6,2,431,49,1.0,0.33
Tyrique George,Everton,MID,5.5,16,0,1.1,0.3,0,0,351,1,9,0,0,0,0,2,0,0,44.2,66.2,132.0,23.9,0.0,0,0.0,2.9,0,0,0,0,0.0,0.0,0.0,0.0,0.64,1.19,1.83,6.49,1,7,2,14,23,5.9,,339,155,267,148,204,114,303,145,,,,,,,0.16,0.0,0.31,0.47,1.66,2.31,208,131,467,182,355,164,314,105,0.26,0.26
Matt O'Riley,Brighton,MID,5.5,16,0,2.7,0.1,1,0,202,1,3,0,0,0,0,0,0,2,65.4,67.7,63.0,19.6,0.0,0,0.0,2.9,0,0,0,0,0.0,0.0,0.0,0.0,1.21,0.18,1.39,2.53,2,5,3,2,10,4.46,,328,147,265,147,267,143,310,148,,,,,2.0,,0.54,0.0,0.08,0.62,1.13,1.34,142,88,401,139,210,82,437,177,0.89,0.45
Max Dowman,Arsenal,MID,5.5,16,0,2.7,0.1,1,1,152,1,1,0,0,0,0,0,0,0,45.2,55.5,65.0,16.6,0.0,0,0.0,2.9,0,0,0,0,0.0,0.0,0.0,0.0,1.19,0.3,1.49,0.88,1,2,1,13,16,9.47,,338,154,279,153,264,140,318,152,,,,,,,0.7,0.0,0.18,0.88,0.52,0.59,220,138,479,189,212,83,394,149,0.59,0.59
Stefanos Tzimas,Brighton,FWD,5.5,16,0,1.8,0.0,1,1,132,0,2,0,0,0,0,0,0,0,66.6,65.7,44.0,17.7,0.0,0,0.0,2.9,0,0,0,0,0.0,0.0,0.0,0.0,0.44,0.11,0.55,2.59,1,3,2,10,15,10.23,Knee injury - 75% chance of playing,325,37,268,32,280,41,314,38,,,,,,,0.3,0.0,0.08,0.38,1.77,1.36,219,45,478,41,309,32,545,69,0.68,0.0
Harrison Reed,Fulham,MID,4.5,15,0,2.1,1.2,1,0,89,0,4,0,0,0,0,0,0,2,42.0,44.4,11.0,9.7,0.0,0,0.0,3.3,0,0,0,0,0.0,0.0,0.0,0.0,0.13,0.45,0.58,3.43,1,0,1,5,6,6.07,,342,157,293,157,325,166,338,158,,,,,,,0.13,0.0,0.46,0.59,3.47,4.04,413,239,91,3,273,117,179,60,1.01,0.0
Ethan Pinnock,Brentford,DEF,4.5,14,0,3.5,0.1,0,0,318,1,5,1,0,0,0,1,0,2,88.6,1.2,33.0,12.3,0.0,0,0.0,3.1,0,0,0,0,0.0,0.0,0.0,0.0,0.01,0.06,0.07,3.7,4,5,37,11,42,11.89,,310,113,370,129,295,99,328,112,,,,,,,0.0,0.0,0.02,0.02,1.05,1.42,439,107,117,79,99,39,446,154,1.13,0.28
Romaine Mundle,Sunderland,MID,5.0,14,0,1.0,0.0,0,0,399,0,11,0,0,0,0,1,0,0,29.4,33.6,69.0,12.7,0.0,0,0.0,2.8,0,0,0,0,0.0,0.0,0.0,0.0,0.87,0.48,1.35,8.54,2,5,6,22,33,7.44,,349,162,303,160,262,138,327,154,,,,,,,0.2,0.0,0.11,0.31,1.93,2.48,310,183,287,70,379,175,577,250,0.45,0.0
Nilson Angulo,Sunderland,MID,5.0,13,0,1.6,0.1,0,0,401,1,6,0,0,0,0,1,0,0,45.4,44.3,89.0,17.8,0.0,0,0.0,2.6,0,0,0,0,0.0,0.0,0.0,0.0,0.77,0.12,0.89,7.26,5,10,16,9,35,7.86,,337,153,294,158,246,132,313,149,,,,,,,0.17,0.0,0.03,0.2,1.63,1.35,360,212,337,99,323,141,484,201,1.12,0.22
Fábio Carvalho,Brentford,MID,5.0,13,0,2.2,0.0,1,0,100,0,4,0,0,0,0,0,0,1,39.0,6.5,36.0,8.1,0.0,0,0.0,2.6,0,0,0,0,0.0,0.0,0.0,0.0,0.7,0.03,0.73,2.08,1,3,0,5,8,7.2,Lack of match fitness - 75% chance of playing,343,158,349,173,291,152,345,162,,,,,,,0.63,0.0,0.03,0.66,1.87,3.6,291,174,268,61,268,113,522,220,0.9,0.0
Roméo Lavia,Chelsea,MID,5.0,13,0,1.1,0.0,0,0,374,0,10,0,0,0,0,0,0,0,34.4,46.6,14.0,9.5,0.0,0,0.0,2.6,0,0,0,0,0.0,0.0,0.0,0.0,0.21,0.55,0.76,8.53,4,8,9,20,37,8.9,,344,159,292,156,321,163,340,160,,,,,,,0.05,0.0,0.13,0.18,2.05,2.41,352,205,329,92,354,163,494,207,0.96,0.0
Jair Jair Cunha,Nott'm Forest,DEF,4.5,13,0,1.4,0.3,0,0,514,0,7,0,0,0,0,0,0,0,98.0,15.2,29.0,14.2,0.0,0,0.0,2.9,0,0,0,0,0.0,0.0,0.0,0.0,0.27,0.06,0.33,10.35,6,9,38,13,47,8.23,,307,112,329,115,300,102,322,111,,,,,,,0.05,0.0,0.01,0.06,1.81,1.23,504,139,182,111,335,120,313,117,1.05,0.0
Reiss Nelson,Arsenal,MID,5.5,13,0,1.3,0.0,0,1,118,0,2,0,0,0,0,0,0,0,42.6,32.6,29.0,10.0,0.0,0,0.0,2.4,0,0,0,0,0.0,0.0,0.0,0.0,0.71,0.11,0.82,3.02,0,4,3,16,23,17.54,,340,156,306,161,301,156,337,157,,,,,,,0.54,0.0,0.08,0.62,2.3,1.53,131,82,390,133,345,157,575,248,0.0,0.0
James Trafford,Leeds,GKP,5.0,13,0,3.2,2.8,0,0,360,1,6,0,0,0,14,0,0,0,118.0,0.0,0.0,11.9,0.0,0,0.0,2.6,0,0,0,0,0.0,0.0,0.0,0.0,0.0,0.0,0.0,5.74,4,2,6,35,0,0.0,,295,23,516,61,513,59,331,23,,,,,,,0.0,3.5,0.0,0.0,1.44,1.5,296,14,273,56,147,20,107,18,1.0,0.25
Marc Marc Guiu,Chelsea,FWD,5.0,13,0,1.3,0.4,0,1,265,0,3,0,0,0,0,1,0,0,24.6,40.1,86.0,13.1,0.0,0,0.0,2.6,0,0,0,0,0.0,0.0,0.0,0.0,1.54,0.29,1.83,5.89,1,0,4,4,8,2.72,,353,39,297,36,247,39,325,40,,,,,,,0.52,0.0,0.1,0.62,2.0,1.02,341,55,318,20,344,38,273,48,0.34,0.0
Jack Harrison,Leeds,MID,5.0,12,0,1.1,0.0,0,0,262,0,5,0,0,0,0,0,0,0,30.0,49.4,35.0,11.5,0.0,0,0.0,2.4,0,0,0,0,0.0,0.0,0.0,0.0,0.28,0.23,0.51,3.82,1,5,6,13,24,8.24,Has joined New England Revolution permanently,348,161,285,154,294,153,332,155,,,,,,,0.1,0.0,0.08,0.18,1.31,1.72,274,166,251,53,352,162,586,257,0.34,0.0
Frank Onyeka,Coventry City,MID,5.0,12,0,2.0,0.1,0,2,88,0,2,0,0,0,0,0,0,0,28.4,13.6,4.0,4.6,0.0,0,0.0,2.4,0,0,0,0,0.0,0.0,0.0,0.0,0.0,0.36,0.36,2.02,0,2,3,5,10,10.23,,350,163,332,168,343,175,361,168,,,,,,,0.0,0.0,0.37,0.37,2.07,2.05,295,177,272,64,286,121,388,146,0.0,0.0
Endo Endo,Liverpool,MID,5.0,12,0,1.5,0.0,0,1,170,1,5,0,0,0,0,1,0,0,56.0,18.1,6.0,8.0,0.0,0,0.0,2.4,0,0,0,0,0.0,0.0,0.0,0.0,0.04,0.05,0.09,4.11,1,7,13,3,23,12.18,,333,149,325,166,335,170,346,163,,,,,,,0.02,0.0,0.03,0.05,2.18,2.65,245,149,222,36,330,146,511,215,0.53,0.53
Ben Gannon-Doak,Bournemouth,MID,5.0,11,0,1.4,0.1,0,1,105,0,1,0,0,0,0,0,0,0,32.4,17.8,39.0,8.9,0.0,0,0.0,2.2,0,0,0,0,0.0,0.0,0.0,0.0,0.26,0.13,0.39,4.74,0,6,1,6,13,11.14,,347,160,326,167,286,150,341,161,,,,,,,0.22,0.0,0.11,0.33,4.06,0.86,338,197,315,84,337,151,429,172,0.0,0.0
Altay Bayindir,Man Utd,GKP,4.5,11,0,1.8,0.1,0,0,540,0,11,0,0,0,13,0,0,0,118.4,10.0,0.0,12.8,0.0,0,0.0,2.4,0,0,0,0,0.0,0.0,0.0,0.0,0.0,0.05,0.05,9.24,6,0,7,39,0,0.0,Has joined Celta Vigo on loan for the rest of the season,294,22,340,9,446,40,326,22,,,,,,,0.0,2.17,0.01,0.01,1.54,1.83,458,36,136,36,300,29,475,53,1.0,0.0
Luca Netz,Nott'm Forest,DEF,4.5,11,0,1.6,0.0,0,0,353,0,5,0,0,0,0,0,0,0,63.4,30.1,10.0,10.4,0.0,0,0.0,2.4,0,0,0,0,0.0,0.0,0.0,0.0,0.0,0.41,0.41,7.87,3,12,15,15,27,6.88,,329,118,311,107,326,117,335,116,,,,,,,0.0,0.0,0.1,0.1,2.01,1.27,465,124,143,96,320,116,532,179,0.76,0.0
John Victor John,Nott'm Forest,GKP,4.5,11,0,2.2,0.1,0,0,437,1,8,0,0,0,6,1,0,0,56.4,0.0,0.0,5.7,0.0,0,0.0,2.4,0,0,0,0,0.0,0.0,0.0,0.0,0.0,0.0,0.0,6.13,5,0,4,26,0,0.0,,332,28,453,45,437,37,355,28,,,,,,,0.0,1.24,0.0,0.0,1.26,1.65,433,33,111,33,263,26,467,52,1.03,0.21
Diego Coppola,Brighton,DEF,4.5,10,0,2.0,0.0,0,0,193,1,3,0,0,0,0,2,0,0,42.4,3.7,2.0,4.8,0.0,0,0.0,2.2,0,0,0,0,0.0,0.0,0.0,0.0,0.0,0.01,0.01,4.52,2,2,16,6,18,8.39,,341,119,357,125,352,128,359,123,,,,,,,0.0,0.0,0.0,0.0,2.11,1.4,494,135,172,107,283,108,548,188,0.93,0.47
Ben Davies,Spurs,DEF,4.0,10,0,3.3,1.0,1,0,136,0,3,0,0,0,0,1,0,1,67.4,22.2,52.0,14.2,0.0,0,0.0,2.5,0,0,0,0,0.0,0.0,0.0,0.0,0.49,0.07,0.56,1.11,2,5,9,5,14,9.26,,324,115,322,112,276,90,321,110,,,,,,,0.32,0.0,0.05,0.37,0.73,1.99,533,149,11,4,124,47,195,70,1.32,0.0
Mateo Kovačić,Man City,MID,5.5,9,0,1.5,0.0,0,1,125,0,3,0,0,0,0,0,0,0,46.0,65.5,3.0,11.5,0.0,0,0.0,1.6,0,0,0,0,0.0,0.0,0.0,0.0,0.13,0.42,0.55,4.0,1,2,6,10,18,12.96,,335,151,270,149,345,177,333,156,,,,,,,0.09,0.0,0.3,0.39,2.88,2.16,114,75,373,126,331,147,488,202,0.72,0.0
Arnaud Kalimuendo,Nott'm Forest,FWD,5.5,9,0,1.0,0.0,0,0,89,0,3,0,0,0,0,0,0,0,6.8,17.7,39.0,6.3,0.0,0,0.0,1.6,0,0,0,0,0.0,0.0,0.0,0.0,0.44,0.02,0.46,1.57,0,1,1,4,6,6.07,,374,42,327,41,288,42,353,42,,,,,,,0.44,0.0,0.02,0.46,1.59,3.03,175,41,434,37,388,46,496,66,0.0,0.0
Filip Jörgensen,Chelsea,GKP,5.0,9,0,1.8,0.0,0,0,378,0,5,0,0,0,8,0,0,0,79.8,0.0,0.0,7.9,0.0,0,0.0,1.8,0,0,0,0,0.0,0.0,0.0,0.0,0.0,0.0,0.0,4.12,3,0,3,34,0,0.0,Has joined RC Strasbourg on loan for the rest of the season,316,26,541,66,538,64,348,26,,,,,,,0.0,1.9,0.0,0.0,0.98,1.19,348,20,325,62,304,30,490,55,0.71,0.0
Alex Tóth.A,Bournemouth,MID,5.0,8,0,0.9,0.0,0,0,135,0,3,0,0,0,0,1,0,0,18.6,60.2,18.0,9.6,0.0,0,0.0,1.6,0,0,0,0,0.0,0.0,0.0,0.0,0.11,0.33,0.44,4.9,2,1,8,8,17,11.33,,359,166,276,151,315,160,339,159,,,,,,,0.07,0.0,0.22,0.29,3.27,2.0,382,229,359,116,394,185,566,241,1.33,0.0
Ethan Nwaneri,Arsenal,MID,5.5,8,0,1.3,0.0,0,0,165,1,0,0,0,0,0,0,0,0,8.6,22.5,24.0,5.4,0.0,0,0.0,1.5,0,0,0,0,0.0,0.0,0.0,0.0,0.23,0.08,0.31,0.73,0,2,1,10,13,7.09,,372,171,321,165,306,158,356,166,,,,,,,0.13,0.0,0.04,0.17,0.4,0.0,195,121,454,172,347,159,557,235,0.0,0.55
Levi Colwill,Chelsea,DEF,5.0,8,0,2.7,1.7,0,0,225,0,4,0,0,0,0,0,0,0,66.0,7.6,6.0,8.0,0.0,0,0.0,1.6,0,0,0,0,0.0,0.0,0.0,0.0,0.0,0.12,0.12,3.36,2,3,22,9,25,10.0,,326,116,347,121,336,122,347,118,,,,,,,0.0,0.0,0.05,0.05,1.34,1.6,309,59,286,142,205,84,144,60,0.8,0.0
Benoît B.Badiashile,Chelsea,DEF,4.5,7,0,0.9,0.0,0,0,470,0,10,0,0,0,0,2,0,0,102.8,7.9,2.0,11.4,0.0,0,0.0,1.6,0,0,0,0,0.0,0.0,0.0,0.0,0.0,0.06,0.06,7.41,6,7,41,16,48,9.19,,302,108,346,120,349,127,334,115,,,,,,,0.0,0.0,0.01,0.01,1.42,1.91,446,112,124,84,391,130,531,178,1.15,0.0
Christian Nørgaard,Everton,MID,5.0,7,0,1.0,0.4,0,0,101,0,1,0,0,0,0,0,0,0,23.4,5.5,10.0,4.0,0.0,0,0.0,1.4,0,0,0,0,0.0,0.0,0.0,0.0,0.08,0.04,0.12,2.28,1,3,9,4,16,14.26,Lack of match fitness - 75% chance of playing,354,164,353,174,327,167,363,169,,,,,,,0.07,0.0,0.04,0.11,2.03,0.89,237,143,214,30,377,173,283,92,0.89,0.0
Walter Benitez,Crystal Palace,GKP,4.5,7,0,7.0,0.1,0,0,90,1,0,0,0,0,3,0,0,0,22.8,0.0,0.0,2.3,0.0,0,0.0,1.6,0,0,0,0,0.0,0.0,0.0,0.0,0.0,0.0,0.0,1.12,1,0,1,9,0,0.0,,355,29,447,41,430,32,370,29,,,,,,,0.0,3.0,0.0,0.0,1.12,0.0,408,28,86,28,1,1,419,45,1.0,1.0
Jonah Kusi-Asare,Fulham,FWD,4.5,6,0,0.9,7.2,0,0,49,0,2,0,0,0,0,1,0,0,3.2,12.0,8.0,2.3,0.0,0,0.0,1.3,0,0,0,0,0.0,0.0,0.0,0.0,0.0,0.07,0.07,1.1,0,1,0,4,5,9.18,,383,43,334,42,331,43,371,43,,,,,,,0.0,0.0,0.13,0.13,2.02,3.67,519,70,197,12,393,47,59,9,0.0,0.0
Igor Julio Igor,Brighton,DEF,4.5,6,0,1.5,0.1,0,0,103,0,3,0,0,0,0,0,0,0,25.8,10.6,0.0,3.6,0.0,0,0.0,1.3,0,0,0,0,0.0,0.0,0.0,0.0,0.0,0.0,0.0,4.66,1,0,13,3,13,11.36,,351,122,337,118,438,173,365,125,,,,,,,0.0,0.0,0.0,0.0,4.07,2.62,434,102,112,74,329,118,450,155,0.87,0.0
Trey Nyoni,Liverpool,MID,5.0,6,0,1.0,0.0,0,0,21,0,1,0,0,0,0,0,0,0,4.2,13.4,4.0,2.1,0.0,0,0.0,1.2,0,0,0,0,0.0,0.0,0.0,0.0,0.37,0.02,0.39,0.85,0,1,0,4,5,21.43,,378,175,333,169,344,176,372,172,,,,,,,1.59,0.0,0.09,1.68,3.64,4.29,376,225,353,112,383,179,493,206,0.0,0.0
Freddie Woodman,Liverpool,GKP,4.0,6,0,2.0,1.1,0,0,212,0,4,0,0,0,9,0,0,0,83.8,0.0,0.0,8.4,0.0,0,0.0,1.5,0,0,0,0,0.0,0.0,0.0,0.0,0.0,0.0,0.0,4.76,2,0,4,22,0,0.0,,314,25,388,21,369,12,344,25,,,,,,,0.0,3.82,0.0,0.0,2.02,1.7,535,54,13,8,281,27,183,27,0.85,0.0
Borna Sosa,Crystal Palace,DEF,4.5,6,0,0.9,0.0,0,0,99,0,2,0,0,0,0,1,0,0,12.6,24.1,8.0,4.5,0.0,0,0.0,1.3,0,0,0,0,0.0,0.0,0.0,0.0,0.04,0.07,0.11,0.9,0,3,6,3,9,8.18,,367,128,317,110,330,119,362,124,,,,,,,0.04,0.0,0.06,0.1,0.82,1.82,430,99,108,71,390,129,523,174,0.0,0.0
Tom Watson,Brighton,MID,5.0,5,0,0.8,0.0,0,0,57,0,2,0,0,0,0,1,0,0,6.0,2.4,7.0,1.6,0.0,0,0.0,1.0,0,0,0,0,0.0,0.0,0.0,0.0,0.04,0.03,0.07,1.72,0,1,0,4,5,7.89,Has joined Leicester City on loan for the rest of the season,376,173,364,180,334,169,378,177,,,,,,,0.06,0.0,0.05,0.11,2.72,3.16,367,219,344,106,398,187,585,256,0.0,0.0
Harvey Elliott,Liverpool,MID,5.5,5,0,1.0,0.1,0,0,110,0,2,0,0,0,0,0,0,0,11.8,31.7,31.0,7.4,0.0,0,0.0,0.9,0,0,0,0,0.0,0.0,0.0,0.0,0.29,0.08,0.37,1.74,1,0,2,4,6,4.91,,368,168,309,162,299,155,352,165,,,,,,,0.24,0.0,0.07,0.31,1.42,1.64,165,104,424,155,387,183,448,180,0.82,0.0
Andrés A.García,Aston Villa,DEF,4.0,5,0,0.8,1.7,0,0,83,0,3,0,0,0,0,0,0,0,17.8,3.2,2.0,2.3,0.0,0,0.0,1.2,0,0,0,0,0.0,0.0,0.0,0.0,0.0,0.01,0.01,2.74,1,5,5,4,10,10.84,,360,125,359,126,348,126,369,128,,,,,,,0.0,0.0,0.01,0.01,2.97,3.25,587,190,65,45,395,132,146,61,1.08,0.0
Max Alleyne,Man City,DEF,5.0,5,0,2.5,0.0,0,0,135,0,1,0,0,0,0,0,0,0,34.0,14.8,26.0,7.5,0.0,0,0.0,1.0,0,0,0,0,0.0,0.0,0.0,0.0,0.26,0.06,0.32,1.54,2,3,8,4,11,7.33,Has joined Burnley on loan for the rest of the season,345,120,330,116,304,104,349,119,,,,,,,0.17,0.0,0.04,0.21,1.03,0.67,337,69,314,152,232,96,529,177,1.33,0.0
Harry Howell,Brighton,MID,4.5,4,0,1.3,0.2,0,0,92,0,2,0,0,0,0,0,0,0,10.2,5.1,2.0,1.8,0.0,0,0.0,0.9,0,0,0,0,0.0,0.0,0.0,0.0,0.0,0.03,0.03,1.04,1,1,3,3,7,6.85,Has joined Leicester City on loan for the rest of the season,371,170,354,175,354,180,374,173,,,,,,,0.0,0.0,0.03,0.03,1.02,1.96,512,257,190,21,343,156,342,119,0.98,0.0
Romain Esse,Crystal Palace,MID,5.0,4,0,1.0,0.0,0,0,40,0,0,0,0,0,0,0,0,0,6.8,2.7,6.0,1.5,0.0,0,0.0,0.8,0,0,0,0,0.0,0.0,0.0,0.0,0.0,0.04,0.04,1.74,0,3,0,2,5,11.25,,373,172,361,179,337,171,379,178,,,,,,,0.0,0.0,0.09,0.09,3.92,0.0,378,226,355,113,384,180,498,209,0.0,0.0
Facundo Buonanotte,Brighton,MID,5.0,3,0,0.8,0.0,0,0,81,0,4,0,0,0,0,1,0,0,13.2,40.0,21.0,7.4,0.0,0,0.0,0.6,0,0,0,0,0.0,0.0,0.0,0.0,0.06,0.28,0.34,2.51,1,1,2,3,6,6.67,Has joined Elche on loan for the rest of the season,363,167,298,159,309,159,351,164,,,,,,,0.07,0.0,0.31,0.38,2.79,4.44,362,214,339,101,397,186,554,232,1.11,0.0
Alysson Edward Franco Alysson,Aston Villa,MID,5.0,3,0,1.0,0.0,0,0,47,0,2,0,0,0,0,0,0,0,3.2,3.5,10.0,1.5,0.0,0,0.0,0.6,0,0,0,0,0.0,0.0,0.0,0.0,0.05,0.05,0.1,1.87,0,0,1,3,4,7.66,,384,179,358,177,329,168,380,179,,,,,,,0.1,0.0,0.1,0.2,3.58,3.83,388,233,365,120,385,181,510,214,0.0,0.0
Mamadou M.Sarr,Chelsea,DEF,4.5,3,0,1.0,0.1,0,0,100,0,3,0,0,0,0,0,0,0,6.4,0.1,7.0,1.3,0.0,0,0.0,0.7,0,0,0,0,0.0,0.0,0.0,0.0,0.35,0.0,0.35,1.63,1,1,7,2,8,7.2,,375,130,376,132,333,121,384,130,,,,,,,0.32,0.0,0.0,0.32,1.47,2.7,503,138,181,110,369,128,462,159,0.9,0.0
Julio Soler,Bournemouth,DEF,4.0,3,0,1.0,0.4,0,0,34,0,2,0,0,0,0,0,0,0,1.8,2.5,2.0,0.6,0.0,0,0.0,0.8,0,0,0,0,0.0,0.0,0.0,0.0,0.0,0.0,0.0,1.62,0,1,0,4,1,2.65,Hamstring injury - 75% chance of playing,388,132,362,127,347,125,387,131,,,,,,,0.0,0.0,0.0,0.0,4.29,5.29,581,185,59,40,360,125,280,104,0.0,0.0
João Victor Souza,Spurs,DEF,4.0,3,0,0.8,0.3,0,0,142,0,3,0,0,0,0,1,0,0,12.8,31.9,17.0,6.2,0.0,0,0.0,0.8,0,0,0,0,0.0,0.0,0.0,0.0,0.02,0.03,0.05,2.61,2,0,6,3,6,3.8,,366,127,308,106,316,113,354,120,,,,,,,0.01,0.0,0.02,0.03,1.65,1.9,589,192,67,47,396,133,308,114,1.27,0.0
Zach Abbott,Nott'm Forest,DEF,4.0,3,0,1.0,0.2,0,0,165,0,4,0,0,0,0,0,0,0,25.4,6.4,0.0,3.2,0.0,0,0.0,0.8,0,0,0,0,0.0,0.0,0.0,0.0,0.0,0.01,0.01,3.47,2,4,9,10,13,7.09,,352,123,350,122,410,161,367,127,,,,,,,0.0,0.0,0.01,0.01,1.89,2.18,579,183,57,38,359,124,338,128,1.09,0.0
Jack J.Fletcher,Man Utd,MID,5.0,3,0,1.0,0.0,0,0,107,0,0,0,0,0,0,0,0,0,18.6,24.4,5.0,4.8,0.0,0,0.0,0.6,0,0,0,0,0.0,0.0,0.0,0.0,0.03,0.02,0.05,1.86,0,5,2,4,11,9.25,,358,165,316,164,339,172,360,167,,,,,,,0.03,0.0,0.02,0.05,1.56,0.0,365,217,342,104,381,177,570,245,0.0,0.0
Shea Lacey,Man Utd,MID,5.0,3,0,1.0,0.1,0,0,40,0,0,0,0,0,0,0,0,0,4.0,2.1,16.0,1.7,0.0,0,0.0,0.6,0,0,0,0,0.0,0.0,0.0,0.0,0.1,0.01,0.11,0.51,0,1,0,2,3,6.75,,381,177,366,182,318,161,375,174,,,,,,,0.22,0.0,0.02,0.24,1.15,0.0,374,223,351,110,382,178,479,199,0.0,0.0
James Maddison,Spurs,MID,6.5,3,0,1.0,1.6,0,0,34,0,0,0,0,0,0,0,0,0,2.8,9.5,15.0,2.8,0.0,0,0.0,0.5,0,0,0,0,0.0,0.0,0.0,0.0,0.21,0.06,0.27,0.65,0,1,0,4,5,13.24,,385,180,344,172,319,162,368,171,,,,,,,0.56,0.0,0.16,0.72,1.72,0.0,34,22,541,225,389,184,154,45,0.0,0.0
Joél Drakes-Thomas,Crystal Palace,MID,4.5,2,0,1.0,0.1,0,0,7,0,1,0,0,0,0,0,0,0,1.4,1.0,0.0,0.3,0.0,0,0.0,0.4,0,0,0,0,0.0,0.0,0.0,0.0,0.0,0.0,0.0,0.73,0,1,0,2,3,38.57,,389,182,371,186,486,198,393,185,,,,,,,0.0,0.0,0.0,0.0,9.39,12.86,521,260,199,24,376,172,441,178,0.0,0.0
Rio Cardines,Crystal Palace,DEF,4.5,2,0,2.0,0.0,0,0,90,0,2,0,0,0,0,0,0,0,15.2,30.0,4.0,4.9,0.0,0,0.0,0.4,0,0,0,0,0.0,0.0,0.0,0.0,0.02,0.16,0.18,2.53,1,1,2,4,7,7.0,Has joined Bristol City on loan for the rest of the season,361,126,312,108,340,123,358,122,,,,,,,0.02,0.0,0.16,0.18,2.53,2.0,508,141,186,113,284,109,583,194,1.0,0.0
Josh Dasilva,Brentford,MID,5.0,2,0,1.0,0.0,0,0,2,0,0,0,0,0,0,0,0,0,0.4,11.3,4.0,1.6,0.0,0,0.0,0.4,0,0,0,0,0.0,0.0,0.0,0.0,0.08,0.0,0.08,0.05,0,0,0,1,1,45.0,,394,185,336,171,342,174,377,176,,,,,,,3.6,0.0,0.0,3.6,2.25,0.0,252,153,229,40,378,174,536,225,0.0,0.0
Dane Scarlett,Spurs,FWD,4.5,2,0,1.0,1.6,0,0,7,0,0,0,0,0,0,0,0,0,1.0,4.1,2.0,0.7,0.0,0,0.0,0.4,0,0,0,0,0.0,0.0,0.0,0.0,0.0,0.01,0.01,0.03,0,0,0,1,1,12.86,,390,45,356,44,350,45,386,44,,,,,,,0.0,0.0,0.13,0.13,0.39,0.0,474,59,152,1,362,42,150,24,0.0,0.0
Jenson Seelt,Sunderland,DEF,4.5,2,0,1.0,0.0,0,0,133,0,2,0,0,0,0,0,0,0,33.6,2.4,0.0,3.6,0.0,0,0.0,0.4,0,0,0,0,0.0,0.0,0.0,0.0,0.0,0.01,0.01,1.33,1,4,8,6,12,8.12,,346,121,363,128,465,180,366,126,,,,,,,0.0,0.0,0.01,0.01,0.9,1.35,487,133,165,105,365,127,574,193,0.68,0.0
Divine Mukasa,Man City,MID,4.5,2,0,1.0,0.1,0,0,25,0,0,0,0,0,0,0,0,0,4.2,28.3,4.0,3.7,0.0,0,0.0,0.4,0,0,0,0,0.0,0.0,0.0,0.0,0.0,0.21,0.21,0.34,0,0,0,1,1,3.6,,377,174,313,163,341,173,364,170,,,,,,,0.0,0.0,0.76,0.76,1.22,0.0,509,256,187,20,372,170,395,150,0.0,0.0
Alex A.Murphy,Newcastle,DEF,4.0,2,0,1.0,0.4,0,0,7,0,1,0,0,0,0,0,0,0,10.2,0.6,2.0,1.3,0.0,0,0.0,0.5,0,0,0,0,0.0,0.0,0.0,0.0,0.0,0.0,0.0,0.49,0,0,4,0,4,51.43,Has joined FC Kaiserslautern on loan for the rest of the season,370,129,372,130,346,124,382,129,,,,,,,0.0,0.0,0.0,0.0,6.3,12.86,577,181,55,36,357,122,290,108,0.0,0.0
Kepa Arrizabalaga,Arsenal,GKP,5.0,2,0,2.0,0.1,0,0,90,0,1,0,0,0,2,0,0,0,19.8,0.0,0.0,2.0,0.0,0,0.0,0.4,0,0,0,0,0.0,0.0,0.0,0.0,0.0,0.0,0.0,0.98,1,0,3,8,0,0.0,,357,30,497,59,491,54,373,30,,,,,,,0.0,2.0,0.0,0.0,0.98,1.0,234,9,211,51,285,28,428,47,1.0,0.0
Tyler Fletcher,Man Utd,MID,4.5,2,0,1.0,0.3,0,0,17,0,0,0,0,0,0,0,0,0,0.8,3.0,0.0,0.3,0.0,0,0.0,0.4,0,0,0,0,0.0,0.0,0.0,0.0,0.0,0.01,0.01,0.33,0,0,0,2,2,10.59,,391,183,360,178,466,192,391,183,,,,,,,0.0,0.0,0.05,0.05,1.75,0.0,488,251,166,15,366,166,305,100,0.0,0.0
George George Hemmings,Aston Villa,MID,4.5,2,0,1.0,0.4,0,0,25,0,0,0,0,0,0,0,0,0,0.0,1.7,2.0,0.3,0.0,0,0.0,0.4,0,0,0,0,0.0,0.0,0.0,0.0,0.04,0.01,0.05,0.61,0,0,0,1,1,3.6,,492,197,369,185,353,179,392,184,,,,,,,0.14,0.0,0.04,0.18,2.2,0.0,507,255,185,19,371,169,271,88,0.0,0.0
Sean Neave,Newcastle,FWD,4.5,1,0,1.0,0.7,0,0,13,0,1,0,0,0,0,0,0,0,0.0,0.0,5.0,0.5,0.0,0,0.0,0.2,0,0,0,0,0.0,0.0,0.0,0.0,0.03,0.0,0.03,0.37,0,0,0,0,0,0.0,,495,54,490,54,338,44,389,45,,,,,,,0.21,0.0,0.0,0.21,2.56,6.92,513,69,191,11,374,45,223,37,0.0,0.0
Jun'ai Byfield,Spurs,DEF,4.0,1,0,1.0,0.1,0,0,1,0,0,0,0,0,0,0,0,0,0.4,0.5,0.0,0.1,0.0,0,0.0,0.2,0,0,0,0,0.0,0.0,0.0,0.0,0.0,0.0,0.0,0.0,0,0,0,0,0,0.0,,393,133,373,131,418,168,396,133,,,,,,,0.0,0.0,0.0,0.0,0.0,0.0,590,193,68,48,361,126,485,166,0.0,0.0
Djiamgone Jocelin Ta Jocelin.T,Sunderland,MID,5.0,1,0,1.0,0.0,0,0,38,0,0,0,0,0,0,0,0,0,3.4,4.3,2.0,1.0,0.0,0,0.0,0.2,0,0,0,0,0.0,0.0,0.0,0.0,0.0,0.04,0.04,0.24,1,1,0,2,3,7.11,,382,178,355,176,356,181,385,181,,,,,,,0.0,0.0,0.09,0.09,0.57,0.0,391,235,368,122,386,182,584,255,2.37,0.0
Arthur Masuaku,Sunderland,DEF,4.0,1,0,0.3,0.7,0,0,125,0,2,0,0,0,0,1,0,0,21.8,20.1,7.0,4.9,0.0,0,0.0,0.2,0,0,0,0,0.0,0.0,0.0,0.0,0.07,0.08,0.15,2.09,2,4,6,3,10,7.2,Has joined Konyaspor permanently,356,124,324,113,332,120,357,121,,,,,,,0.05,0.0,0.06,0.11,1.5,1.44,530,147,8,2,399,134,224,84,1.44,0.0
Antoni Milambo,Brentford,MID,5.0,1,0,1.0,0.0,0,0,45,0,3,0,0,0,0,0,0,0,4.0,1.8,0.0,0.6,0.0,0,0.0,0.2,0,0,0,0,0.0,0.0,0.0,0.0,0.0,0.01,0.01,1.49,1,2,0,2,4,8.0,Knee injury - Unknown return date,380,176,368,184,544,230,388,182,,,,,,,0.0,0.0,0.02,0.02,2.98,6.0,364,216,341,103,380,176,588,259,2.0,0.0
Kaye Furo,Brentford,FWD,4.5,1,0,1.0,0.8,0,0,1,0,0,0,0,0,0,0,0,0,0.0,0.0,0.0,0.0,0.0,0,0.0,0.2,0,0,0,0,0.0,0.0,0.0,0.0,0.0,0.0,0.0,0.02,0,0,0,0,0,0.0,,493,52,488,52,480,53,494,53,,,,,,,0.0,0.0,0.0,0.0,1.8,0.0,510,67,188,9,373,44,207,33,0.0,0.0
Callum Olusesi,Spurs,MID,4.5,1,0,1.0,0.8,0,0,14,0,0,0,0,0,0,0,0,0,0.6,1.8,0.0,0.2,0.0,0,0.0,0.2,0,0,0,0,0.0,0.0,0.0,0.0,0.0,0.01,0.01,0.75,0,0,0,2,2,12.86,,392,184,367,183,459,191,394,186,,,,,,,0.0,0.0,0.06,0.06,4.82,0.0,479,250,157,14,363,165,204,70,0.0,0.0
Bendito Bendito Mantato,Man Utd,MID,4.5,1,0,1.0,0.2,0,0,15,0,0,0,0,0,0,0,0,0,2.2,11.7,0.0,1.4,0.0,0,0.0,0.2,0,0,0,0,0.0,0.0,0.0,0.0,0.0,0.01,0.01,0.05,0,0,0,0,0,0.0,,386,181,335,170,479,195,381,180,,,,,,,0.0,0.0,0.06,0.06,0.3,0.0,505,254,183,18,370,168,370,135,0.0,0.0
Hákon Rafn Valdimarsson,Brentford,GKP,4.5,1,0,1.0,0.1,0,0,90,0,3,0,0,0,1,0,0,0,13.0,0.0,0.0,1.3,0.0,0,0.0,0.2,0,0,0,0,0.0,0.0,0.0,0.0,0.0,0.0,0.0,0.97,1,0,0,7,0,0.0,,365,31,474,52,462,46,383,31,,,,,,,0.0,1.0,0.0,0.0,0.97,3.0,483,42,161,42,364,31,430,48,1.0,0.0
Nehemiah Oriola,Brighton,MID,4.5,1,0,1.0,0.2,0,0,1,0,0,0,0,0,0,0,0,0,0.0,0.0,0.0,0.0,0.0,0,0.0,0.2,0,0,0,0,0.0,0.0,0.0,0.0,0.0,0.0,0.0,0.0,0,0,0,0,0,0.0,,488,196,484,198,474,194,490,197,,,,,,,0.0,0.0,0.0,0.0,0.0,0.0,498,253,176,17,367,167,350,122,0.0,0.0
James Rowswell,Spurs,DEF,4.0,1,0,1.0,0.1,0,0,1,0,0,0,0,0,0,0,0,0,0.0,0.0,0.0,0.0,0.0,0,0.0,0.2,0,0,0,0,0.0,0.0,0.0,0.0,0.0,0.0,0.0,0.36,0,0,0,0,0,0.0,,437,160,422,159,403,155,439,160,,,,,,,0.0,0.0,0.0,0.0,32.4,0.0,571,176,49,31,356,121,460,158,0.0,0.0
Shumaira Mheuka,Chelsea,FWD,4.5,1,0,1.0,0.3,0,0,1,0,0,0,0,0,0,0,0,0,2.0,0.3,0.0,0.2,0.0,0,0.0,0.2,0,0,0,0,0.0,0.0,0.0,0.0,0.0,0.0,0.0,0.05,0,0,1,0,1,90.0,,387,44,374,45,477,52,395,46,,,,,,,0.0,0.0,0.0,0.0,4.5,0.0,501,66,179,8,368,43,297,53,0.0,0.0
Tyler Fredricson,Man Utd,DEF,4.0,1,0,1.0,0.1,0,0,2,0,0,0,0,0,0,0,0,0,4.0,0.0,0.0,0.4,0.0,0,0.0,0.2,0,0,0,0,0.0,0.0,0.0,0.0,0.0,0.0,0.0,0.3,0,0,2,0,2,90.0,Has joined Lausanne-Sport permanently,379,131,428,164,409,160,390,132,,,,,,,0.0,0.0,0.0,0.0,13.5,0.0,578,182,56,37,358,123,466,160,0.0,0.0
Dário D.Essugo,Chelsea,MID,4.5,1,0,0.3,0.2,0,0,26,0,1,0,0,0,0,2,0,0,11.4,2.1,2.0,1.6,0.0,0,0.0,0.2,0,0,0,0,0.0,0.0,0.0,0.0,0.0,0.01,0.01,0.55,0,6,1,1,8,27.69,,369,169,365,181,351,178,376,175,,,,,,,0.0,0.0,0.03,0.03,1.9,3.46,475,247,153,11,400,188,356,125,0.0,0.0
Bradley Burrowes,Aston Villa,MID,4.5,1,0,1.0,0.7,0,0,16,0,1,0,0,0,0,0,0,0,0.0,0.3,0.0,0.0,0.0,0,0.0,0.2,0,0,0,0,0.0,0.0,0.0,0.0,0.0,0.0,0.0,0.9,0,0,0,1,1,5.62,,499,199,375,187,485,197,499,199,,,,,,,0.0,0.0,0.0,0.0,5.06,5.62,520,259,198,23,375,171,221,73,0.0,0.0
Tyler Bindon,Nott'm Forest,DEF,4.0,0,0,0.0,0.2,0,0,0,0,0,0,0,0,0,0,0,0,0.0,0.0,0.0,0.0,0.0,0,0.0,0.0,0,0,0,0,0.0,0.0,0.0,0.0,0.0,0.0,0.0,0.0,0,0,0,0,0,0.0,,441,163,426,162,407,158,443,163,,,,,,,0.0,0.0,0.0,0.0,0.0,0.0,575,179,53,34,446,163,376,139,0.0,0.0
Kosta Nedeljkovic,Aston Villa,DEF,4.0,0,0,0.0,0.8,0,0,0,0,0,0,0,0,0,0,0,0,0.0,0.0,0.0,0.0,0.0,0,0.0,0.0,0,0,0,0,0.0,0.0,0.0,0.0,0.0,0.0,0.0,0.0,0,0,0,0,0,0.0,,446,168,432,168,414,165,448,168,,,,,,,0.0,0.0,0.0,0.0,0.0,0.0,584,188,62,43,451,168,205,75,0.0,0.0
Samuel Iling Jr,Aston Villa,MID,5.0,0,0,0.0,0.0,0,0,0,0,0,0,0,0,0,0,0,0,0.0,0.0,0.0,0.0,0.0,0,0.0,0.0,0,0,0,0,0.0,0.0,0.0,0.0,0.0,0.0,0.0,0.0,0,0,0,0,0,0.0,Has joined Bolton Wanderers on loan for the rest of the season,529,219,528,219,524,218,529,219,,,,,,,0.0,0.0,0.0,0.0,0.0,0.0,318,186,295,73,529,219,569,244,0.0,0.0
Will Dennis,Bournemouth,GKP,4.0,0,0,0.0,0.2,0,0,0,0,0,0,0,0,0,0,0,0,0.0,0.0,0.0,0.0,0.0,0,0.0,0.0,0,0,0,0,0.0,0.0,0.0,0.0,0.0,0.0,0.0,0.0,0,0,0,0,0,0.0,,423,43,408,27,389,18,425,43,,,,,,,0.0,0.0,0.0,0.0,0.0,0.0,557,60,35,14,429,43,368,40,0.0,0.0
Sean Steur,Newcastle,MID,5.0,0,0,0.0,0.1,0,0,0,0,0,0,0,0,0,0,0,0,0.0,0.0,0.0,0.0,0.0,0,0.0,0.0,0,0,0,0,0.0,0.0,0.0,0.0,0.0,0.0,0.0,0.0,0,0,0,0,0,0.0,,555,235,555,235,553,235,555,235,,,,,,,0.0,0.0,0.0,0.0,0.0,0.0,385,231,362,118,555,235,409,161,0.0,0.0
Chido Obi,Man Utd,FWD,4.5,0,0,0.0,1.2,0,0,0,0,0,0,0,0,0,0,0,0,0.0,0.0,0.0,0.0,0.0,0,0.0,0.0,0,0,0,0,0.0,0.0,0.0,0.0,0.0,0.0,0.0,0.0,0,0,0,0,0,0.0,,494,53,489,53,481,54,495,54,,,,,,,0.0,0.0,0.0,0.0,0.0,0.0,511,68,189,10,496,54,180,28,0.0,0.0
Bazoumana Touré,Newcastle,MID,6.0,0,0,0.0,0.3,0,0,0,0,0,0,0,0,0,0,0,0,0.0,0.0,0.0,0.0,0.0,0,0.0,0.0,0,0,0,0,0.0,0.0,0.0,0.0,0.0,0.0,0.0,0.0,0,0,0,0,0,0.0,,586,256,586,256,586,256,586,256,,,,,,,0.0,0.0,0.0,0.0,0.0,0.0,108,70,535,220,586,256,324,111,0.0,0.0
Fábio Fábio Vieira,Arsenal,MID,5.5,0,0,0.0,0.0,0,0,0,0,0,0,0,0,0,0,0,0,0.0,0.0,0.0,0.0,0.0,0,0.0,0.0,0,0,0,0,0.0,0.0,0.0,0.0,0.0,0.0,0.0,0.0,0,0,0,0,0,0.0,,566,243,566,243,565,243,566,243,,,,,,,0.0,0.0,0.0,0.0,0.0,0.0,160,100,419,151,566,243,576,249,0.0,0.0
Anthony Patterson,Sunderland,GKP,4.0,0,0,0.0,0.5,0,0,0,0,0,0,0,0,0,0,0,0,0.0,0.0,0.0,0.0,0.0,0,0.0,0.0,0,0,0,0,0.0,0.0,0.0,0.0,0.0,0.0,0.0,0.0,0,0,0,0,0,0.0,Has joined Wrexham permanently,419,41,404,25,385,16,421,41,,,,,,,0.0,0.0,0.0,0.0,0.0,0.0,553,58,31,12,425,41,262,35,0.0,0.0
Ewen Jaouen,Newcastle,GKP,4.5,0,0,0.0,0.0,0,0,0,0,0,0,0,0,0,0,0,0,0.0,0.0,0.0,0.0,0.0,0,0.0,0.0,0,0,0,0,0.0,0.0,0.0,0.0,0.0,0.0,0.0,0.0,0,0,0,0,0,0.0,,487,62,483,56,473,50,489,62,,,,,,,0.0,0.0,0.0,0.0,0.0,0.0,497,46,175,46,492,62,514,60,0.0,0.0
Mark Gillespie,Newcastle,GKP,4.5,0,0,0.0,0.0,0,0,0,0,0,0,0,0,0,0,0,0,0.0,0.0,0.0,0.0,0.0,0,0.0,0.0,0,0,0,0,0.0,0.0,0.0,0.0,0.0,0.0,0.0,0.0,0,0,0,0,0,0.0,,452,50,441,37,424,28,454,50,,,,,,,0.0,0.0,0.0,0.0,0.0,0.0,397,24,75,24,457,50,520,61,0.0,0.0
Jeremy Monga,Man City,MID,5.0,0,0,0.0,0.0,0,0,0,0,0,0,0,0,0,0,0,0,0.0,0.0,0.0,0.0,0.0,0,0.0,0.0,0,0,0,0,0.0,0.0,0.0,0.0,0.0,0.0,0.0,0.0,0,0,0,0,0,0.0,,556,236,556,236,554,236,556,236,,,,,,,0.0,0.0,0.0,0.0,0.0,0.0,386,232,363,119,556,236,555,233,0.0,0.0
Leo Fuhr Hjelde,Sunderland,DEF,4.0,0,0,0.0,0.2,0,0,0,0,0,0,0,0,0,0,0,0,0.0,0.0,0.0,0.0,0.0,0,0.0,0.0,0,0,0,0,0.0,0.0,0.0,0.0,0.0,0.0,0.0,0.0,0,0,0,0,0,0.0,Has joined KV Mechelen on loan for the rest of the season,432,157,417,156,398,152,434,157,,,,,,,0.0,0.0,0.0,0.0,0.0,0.0,566,173,44,28,438,158,380,140,0.0,0.0
Xaver Schlager,Nott'm Forest,MID,5.0,0,0,0.0,0.1,0,0,0,0,0,0,0,0,0,0,0,0,0.0,0.0,0.0,0.0,0.0,0,0.0,0.0,0,0,0,0,0.0,0.0,0.0,0.0,0.0,0.0,0.0,0.0,0,0,0,0,0,0.0,,507,205,503,205,499,204,507,205,2.0,,,,,,0.0,0.0,0.0,0.0,0.0,0.0,258,157,235,44,507,205,415,164,0.0,0.0
Thomas Meunier,Sunderland,DEF,4.5,0,0,0.0,0.3,0,0,0,0,0,0,0,0,0,0,0,0,0.0,0.0,0.0,0.0,0.0,0,0.0,0.0,0,0,0,0,0.0,0.0,0.0,0.0,0.0,0.0,0.0,0.0,0,0,0,0,0,0.0,Knock - 75% chance of playing,453,173,442,173,425,171,455,173,,,,,,,0.0,0.0,0.0,0.0,0.0,0.0,399,81,77,53,458,173,302,113,0.0,0.0
Brandon Austin,Spurs,GKP,4.0,0,0,0.0,0.7,0,0,0,0,0,0,0,0,0,0,0,0,0.0,0.0,0.0,0.0,0.0,0,0.0,0.0,0,0,0,0,0.0,0.0,0.0,0.0,0.0,0.0,0.0,0.0,0,0,0,0,0,0.0,,414,40,399,24,380,15,416,40,,,,,,,0.0,0.0,0.0,0.0,0.0,0.0,547,57,25,11,420,40,220,29,0.0,0.0
Illan Meslier,Arsenal,GKP,5.0,0,0,0.0,0.0,11,0,0,0,0,0,0,0,0,0,0,0,0.0,0.0,0.0,0.0,0.0,0,0.0,0.0,0,0,0,0,0.0,0.0,0.0,0.0,0.0,0.0,0.0,0.0,0,0,0,0,0,0.0,,520,65,517,62,514,60,520,65,,,,,,,0.0,0.0,0.0,0.0,0.0,0.0,298,15,275,57,520,65,508,58,0.0,0.0
Marcus Rashford,Man Utd,MID,7.0,0,0,0.0,1.5,0,0,0,0,0,0,0,0,0,0,0,0,0.0,0.0,0.0,0.0,0.0,0,0.0,0.0,0,0,0,0,0.0,0.0,0.0,0.0,0.0,0.0,0.0,0.0,0,0,0,0,0,0.0,,592,261,592,261,592,261,592,261,,,,,,,0.0,0.0,0.0,0.0,0.0,0.0,23,14,563,243,592,261,163,50,0.0,0.0
Gerónimo Rulli,Man City,GKP,5.0,0,0,0.0,0.0,0,0,0,0,0,0,0,0,0,0,0,0,0.0,0.0,0.0,0.0,0.0,0,0.0,0.0,0,0,0,0,0.0,0.0,0.0,0.0,0.0,0.0,0.0,0.0,0,0,0,0,0,0.0,,501,63,496,58,490,53,501,63,,,,,,,0.0,0.0,0.0,0.0,0.0,0.0,233,8,210,50,501,63,578,66,0.0,0.0
Julián J.Araujo,Bournemouth,DEF,4.5,0,0,0.0,0.0,0,0,0,0,0,0,0,0,0,0,0,0,0.0,0.0,0.0,0.0,0.0,0,0.0,0.0,0,0,0,0,0.0,0.0,0.0,0.0,0.0,0.0,0.0,0.0,0,0,0,0,0,0.0,Thigh injury - Unknown return date,468,177,460,177,445,176,470,177,,,,,,,0.0,0.0,0.0,0.0,0.0,0.0,455,119,133,91,473,177,507,171,0.0,0.0
Ashley Phillips,Spurs,DEF,4.5,0,0,0.0,0.1,0,0,0,0,0,0,0,0,0,0,0,0,0.0,0.0,0.0,0.0,0.0,0,0.0,0.0,0,0,0,0,0.0,0.0,0.0,0.0,0.0,0.0,0.0,0.0,0,0,0,0,0,0.0,Has joined Middlesbrough permanently,483,181,479,181,469,181,485,181,,,,,,,0.0,0.0,0.0,0.0,0.0,0.0,491,134,169,106,488,181,469,161,0.0,0.0
Lukás Horníček,Newcastle,GKP,5.0,0,0,0.0,0.6,0,0,0,0,0,0,0,0,0,0,0,0,0.0,0.0,0.0,0.0,0.0,0,0.0,0.0,0,0,0,0,0.0,0.0,0.0,0.0,0.0,0.0,0.0,0.0,0,0,0,0,0,0.0,,531,66,530,65,526,62,531,66,,,,,,,0.0,0.0,0.0,0.0,0.0,0.0,320,18,297,60,531,66,247,32,0.0,0.0
Kalvin Phillips,Man City,MID,5.0,0,0,0.0,0.0,0,0,0,0,0,0,0,0,0,0,0,0,0.0,0.0,0.0,0.0,0.0,0,0.0,0.0,0,0,0,0,0.0,0.0,0.0,0.0,0.0,0.0,0.0,0.0,0,0,0,0,0,0.0,Has joined Sheffield United on loan for the rest of the season,504,202,500,202,494,201,504,202,,,,,,,0.0,0.0,0.0,0.0,0.0,0.0,242,146,219,33,504,202,533,223,0.0,0.0
Omar O.Richards,Nott'm Forest,DEF,4.0,0,0,0.0,0.2,0,0,0,0,0,0,0,0,0,0,0,0,0.0,0.0,0.0,0.0,0.0,0,0.0,0.0,0,0,0,0,0.0,0.0,0.0,0.0,0.0,0.0,0.0,0.0,0,0,0,0,0,0.0,,413,144,398,143,379,139,415,144,,,,,,,0.0,0.0,0.0,0.0,0.0,0.0,546,159,24,14,419,145,335,126,0.0,0.0
Brian Madjo,Aston Villa,FWD,5.5,0,0,0.0,1.0,0,0,0,0,0,0,0,0,0,0,0,0,0.0,0.0,0.0,0.0,0.0,0,0.0,0.0,0,0,0,0,0.0,0.0,0.0,0.0,0.0,0.0,0.0,0.0,0,0,0,0,0,0.0,Unspecified injury - Unknown return date,582,67,582,67,581,67,582,67,,,,,,,0.0,0.0,0.0,0.0,0.0,0.0,223,47,482,43,582,67,194,32,0.0,0.0
Christos Tzolis,Arsenal,MID,6.5,0,0,0.0,15.2,0,0,0,0,0,0,0,0,0,0,0,0,0.0,0.0,0.0,0.0,0.0,0,0.0,0.0,0,0,0,0,0.0,0.0,0.0,0.0,0.0,0.0,0.0,0.0,0,0,0,0,0,0.0,,588,258,588,258,588,258,588,258,3.0,,,,,,0.0,0.0,0.0,0.0,0.0,0.0,44,31,551,234,588,258,27,8,0.0,0.0
Fraser Forster,Bournemouth,GKP,4.0,0,0,0.0,3.2,0,0,0,0,0,0,0,0,0,0,0,0,0.0,0.0,0.0,0.0,0.0,0,0.0,0.0,0,0,0,0,0.0,0.0,0.0,0.0,0.0,0.0,0.0,0.0,0,0,0,0,0,0.0,,396,33,379,15,360,6,398,33,,,,,,,0.0,0.0,0.0,0.0,0.0,0.0,524,48,2,2,402,33,94,16,0.0,0.0
Álvaro Rodríguez,Bournemouth,FWD,6.0,0,0,0.0,0.2,0,0,0,0,0,0,0,0,0,0,0,0,0.0,0.0,0.0,0.0,0.0,0,0.0,0.0,0,0,0,0,0.0,0.0,0.0,0.0,0.0,0.0,0.0,0.0,0,0,0,0,0,0.0,Unspecified injury - 75% chance of playing,585,69,585,69,585,69,585,69,,,,,,,0.0,0.0,0.0,0.0,0.0,0.0,105,27,532,58,585,69,343,56,0.0,0.0
António João Silva,Bournemouth,DEF,5.0,0,0,0.0,0.2,0,0,0,0,0,0,0,0,0,0,0,0,0.0,0.0,0.0,0.0,0.0,0,0.0,0.0,0,0,0,0,0.0,0.0,0.0,0.0,0.0,0.0,0.0,0.0,0,0,0,0,0,0.0,,533,187,532,187,528,187,533,187,,,,,,,0.0,0.0,0.0,0.0,0.0,0.0,324,64,301,147,533,187,328,122,0.0,0.0
Aladji Bamba,Newcastle,MID,5.0,0,0,0.0,0.1,0,0,0,0,0,0,0,0,0,0,0,0,0.0,0.0,0.0,0.0,0.0,0,0.0,0.0,0,0,0,0,0.0,0.0,0.0,0.0,0.0,0.0,0.0,0.0,0,0,0,0,0,0.0,,554,234,554,234,552,234,554,234,,,,,,,0.0,0.0,0.0,0.0,0.0,0.0,384,230,361,117,554,234,398,152,0.0,0.0
Mikey Moore,Spurs,MID,5.0,0,0,0.0,0.2,0,0,0,0,0,0,0,0,0,0,0,0,0.0,0.0,0.0,0.0,0.0,0,0.0,0.0,0,0,0,0,0.0,0.0,0.0,0.0,0.0,0.0,0.0,0.0,0,0,0,0,0,0.0,,538,224,537,224,534,223,538,224,,,,,,,0.0,0.0,0.0,0.0,0.0,0.0,342,198,319,85,538,224,366,133,0.0,0.0
Ousmane Diomande,Nott'm Forest,DEF,5.5,0,0,0.0,0.5,0,0,0,0,0,0,0,0,0,0,0,0,0.0,0.0,0.0,0.0,0.0,0,0.0,0.0,0,0,0,0,0.0,0.0,0.0,0.0,0.0,0.0,0.0,0.0,0,0,0,0,0,0.0,,578,194,578,194,577,194,578,194,,,,,,,0.0,0.0,0.0,0.0,0.0,0.0,211,31,470,182,578,194,254,95,0.0,0.0
Juanlu Sanchez,Bournemouth,DEF,4.5,0,0,0.0,0.2,0,0,0,0,0,0,0,0,0,0,0,0,0.0,0.0,0.0,0.0,0.0,0,0.0,0.0,0,0,0,0,0.0,0.0,0.0,0.0,0.0,0.0,0.0,0.0,0,0,0,0,0,0.0,,477,179,471,179,458,178,479,179,,,,,,,0.0,0.0,0.0,0.0,0.0,0.0,478,129,156,101,482,179,381,141,0.0,0.0
Tom Heaton,Man Utd,GKP,4.0,0,0,0.0,0.2,0,0,0,0,0,0,0,0,0,0,0,0,0.0,0.0,0.0,0.0,0.0,0,0.0,0.0,0,0,0,0,0.0,0.0,0.0,0.0,0.0,0.0,0.0,0.0,0,0,0,0,0,0.0,Hamstring injury - Unknown return date,395,32,378,14,359,5,397,32,,,,,,,0.0,0.0,0.0,0.0,0.0,0.0,523,47,1,1,401,32,359,39,0.0,0.0
Toby Collyer,Man Utd,MID,5.0,0,0,0.0,0.0,0,0,0,0,0,0,0,0,0,0,0,0,0.0,0.0,0.0,0.0,0.0,0,0.0,0.0,0,0,0,0,0.0,0.0,0.0,0.0,0.0,0.0,0.0,0.0,0,0,0,0,0,0.0,,536,223,535,223,531,222,536,223,,,,,,,0.0,0.0,0.0,0.0,0.0,0.0,333,195,310,82,536,223,544,228,0.0,0.0
Dejan Kulusevski,Spurs,MID,6.5,0,0,0.0,0.0,0,0,0,0,0,0,0,0,0,0,0,0,0.0,0.0,0.0,0.0,0.0,0,0.0,0.0,0,0,0,0,0.0,0.0,0.0,0.0,0.0,0.0,0.0,0.0,0,0,0,0,0,0.0,Knee injury - Unknown return date,589,259,589,259,589,259,589,259,,,,,,,0.0,0.0,0.0,0.0,0.0,0.0,46,33,553,236,589,259,565,240,0.0,0.0
Johan Manzambi,Aston Villa,MID,6.0,0,0,0.0,0.9,0,0,0,0,0,0,0,0,0,0,0,0,0.0,0.0,0.0,0.0,0.0,0,0.0,0.0,0,0,0,0,0.0,0.0,0.0,0.0,0.0,0.0,0.0,0.0,0,0,0,0,0,0.0,Knee injury - Unknown return date,587,257,587,257,587,257,587,257,,,,,,,0.0,0.0,0.0,0.0,0.0,0.0,110,72,537,222,587,257,200,67,0.0,0.0
Harry Amass,Man Utd,DEF,4.0,0,0,0.0,0.2,0,0,0,0,0,0,0,0,0,0,0,0,0.0,0.0,0.0,0.0,0.0,0,0.0,0.0,0,0,0,0,0.0,0.0,0.0,0.0,0.0,0.0,0.0,0.0,0,0,0,0,0,0.0,,445,167,431,167,413,164,447,167,,,,,,,0.0,0.0,0.0,0.0,0.0,0.0,583,187,61,42,450,167,340,130,0.0,0.0
Steven Benda,Nott'm Forest,GKP,4.5,0,0,0.0,0.0,0,0,0,0,0,0,0,0,0,0,0,0,0.0,0.0,0.0,0.0,0.0,0,0.0,0.0,0,0,0,0,0.0,0.0,0.0,0.0,0.0,0.0,0.0,0.0,0,0,0,0,0,0.0,,467,57,459,47,444,39,469,57,,,,,,,0.0,0.0,0.0,0.0,0.0,0.0,453,35,131,35,472,57,571,65,0.0,0.0
Liam Kitching,Coventry City,DEF,4.0,0,0,0.0,0.7,0,0,0,0,0,0,0,0,0,0,0,0,0.0,0.0,0.0,0.0,0.0,0,0.0,0.0,0,0,0,0,0.0,0.0,0.0,0.0,0.0,0.0,0.0,0.0,0,0,0,0,0,0.0,,422,150,407,149,388,145,424,150,,,,,,,0.0,0.0,0.0,0.0,0.0,0.0,556,166,34,21,428,151,228,85,0.0,0.0
Claudio Echeverri,Man City,MID,5.0,0,0,0.0,0.0,0,0,0,0,0,0,0,0,0,0,0,0,0.0,0.0,0.0,0.0,0.0,0,0.0,0.0,0,0,0,0,0.0,0.0,0.0,0.0,0.0,0.0,0.0,0.0,0,0,0,0,0,0.0,,550,232,550,232,548,232,550,232,,,,,,,0.0,0.0,0.0,0.0,0.0,0.0,373,222,350,109,550,232,561,239,0.0,0.0
Hayden Hackney,Everton,MID,5.5,0,0,0.0,0.3,0,0,0,0,0,0,0,0,0,0,0,0,0.0,0.0,0.0,0.0,0.0,0,0.0,0.0,0,0,0,0,0.0,0.0,0.0,0.0,0.0,0.0,0.0,0.0,0,0,0,0,0,0.0,,565,242,565,242,564,242,565,242,,,,,,,0.0,0.0,0.0,0.0,0.0,0.0,151,94,410,145,565,242,306,101,0.0,0.0
Shea Charles,Fulham,MID,5.0,0,0,0.0,0.1,0,0,0,0,0,0,0,0,0,0,0,0,0.0,0.0,0.0,0.0,0.0,0,0.0,0.0,0,0,0,0,0.0,0.0,0.0,0.0,0.0,0.0,0.0,0.0,0,0,0,0,0,0.0,,528,218,526,218,523,217,528,218,,,,,,,0.0,0.0,0.0,0.0,0.0,0.0,313,185,290,72,528,218,449,181,0.0,0.0
César Palacios,Fulham,MID,5.5,0,0,0.0,0.2,0,0,0,0,0,0,0,0,0,0,0,0,0.0,0.0,0.0,0.0,0.0,0,0.0,0.0,0,0,0,0,0.0,0.0,0.0,0.0,0.0,0.0,0.0,0.0,0,0,0,0,0,0.0,,579,253,579,253,578,253,579,253,,,,,,,0.0,0.0,0.0,0.0,0.0,0.0,213,135,472,186,579,253,384,142,0.0,0.0
Gonzalo Gonzalo,Fulham,FWD,6.0,0,0,0.0,1.9,0,0,0,0,0,0,0,0,0,0,0,0,0.0,0.0,0.0,0.0,0.0,0,0.0,0.0,0,0,0,0,0.0,0.0,0.0,0.0,0.0,0.0,0.0,0.0,0,0,0,0,0,0.0,,584,68,584,68,584,68,584,68,,,,,1.0,,0.0,0.0,0.0,0.0,0.0,0.0,104,26,531,57,584,68,133,18,0.0,0.0
Marco Palestra,Chelsea,DEF,5.5,0,0,0.0,2.6,0,0,0,0,0,0,0,0,0,0,0,0,0.0,0.0,0.0,0.0,0.0,0,0.0,0.0,0,0,0,0,0.0,0.0,0.0,0.0,0.0,0.0,0.0,0.0,0,0,0,0,0,0.0,,581,195,581,195,580,195,581,195,,,,,,,0.0,0.0,0.0,0.0,0.0,0.0,221,34,480,185,581,195,112,46,0.0,0.0
Axel Disasi,Chelsea,DEF,4.5,0,0,0.0,0.1,0,0,0,0,0,0,0,0,0,0,0,0,0.0,0.0,0.0,0.0,0.0,0,0.0,0.0,0,0,0,0,0.0,0.0,0.0,0.0,0.0,0.0,0.0,0.0,0,14,74,32,88,0.0,,461,174,452,174,436,172,463,174,,,,,,,0.0,0.0,0.0,0.0,0.0,0.0,431,100,109,72,466,174,482,164,0.0,0.0
Alfie McNally,Fulham,GKP,4.0,0,0,0.0,0.1,0,0,0,0,0,0,0,0,0,0,0,0,0.0,0.0,0.0,0.0,0.0,0,0.0,0.0,0,0,0,0,0.0,0.0,0.0,0.0,0.0,0.0,0.0,0.0,0,0,0,0,0,0.0,,439,48,424,32,405,23,441,48,,,,,,,0.0,0.0,0.0,0.0,0.0,0.0,573,65,51,19,444,48,390,42,0.0,0.0
Benjamin Lecomte,Fulham,GKP,4.0,0,0,0.0,1.4,0,0,0,0,0,0,0,0,0,0,0,0,0.0,0.0,0.0,0.0,0.0,0,0.0,0.0,0,0,0,0,0.0,0.0,0.0,0.0,0.0,0.0,0.0,0.0,0,0,0,0,0,0.0,,400,36,384,19,365,10,402,36,,,,,,,0.0,0.0,0.0,0.0,0.0,0.0,529,52,7,6,406,36,168,24,0.0,0.0
Geovany Quenda,Chelsea,MID,5.5,0,0,0.0,0.0,0,0,0,0,0,0,0,0,0,0,0,0,0.0,0.0,0.0,0.0,0.0,0,0.0,0.0,0,0,0,0,0.0,0.0,0.0,0.0,0.0,0.0,0.0,0.0,0,0,0,0,0,0.0,,580,254,580,254,579,254,580,254,,,,,,,0.0,0.0,0.0,0.0,0.0,0.0,218,137,477,188,580,254,491,204,0.0,0.0
Kim Ji-soo,Brentford,DEF,4.5,0,0,0.0,0.0,0,0,0,0,0,0,0,0,0,0,0,0,0.0,0.0,0.0,0.0,0.0,0,0.0,0.0,0,0,0,0,0.0,0.0,0.0,0.0,0.0,0.0,0.0,0.0,0,0,0,0,0,0.0,,491,182,487,182,478,182,493,182,,,,,,,0.0,0.0,0.0,0.0,0.0,0.0,502,137,180,109,495,182,550,189,0.0,0.0
Nicolas N.Jackson,Chelsea,FWD,6.5,0,0,0.0,0.3,0,0,0,0,0,0,0,0,0,0,0,0,0.0,0.0,0.0,0.0,0.0,0,0.0,0.0,0,0,0,0,0.0,0.0,0.0,0.0,0.0,0.0,0.0,0.0,0,0,0,0,0,0.0,,590,70,590,70,590,70,590,70,,,,,,,0.0,0.0,0.0,0.0,0.0,0.0,52,12,559,60,590,70,298,54,0.0,0.0
Adam Aznou,Everton,DEF,4.0,0,0,0.0,0.2,0,0,0,0,0,0,0,0,0,0,0,0,0.0,0.0,0.0,0.0,0.0,0,0.0,0.0,0,0,0,0,0.0,0.0,0.0,0.0,0.0,0.0,0.0,0.0,0,0,0,0,0,0.0,,436,159,421,158,402,154,438,159,,,,,,,0.0,0.0,0.0,0.0,0.0,0.0,570,175,48,30,442,160,373,138,0.0,0.0
Emmanuel Emegha,Chelsea,FWD,5.0,0,0,0.0,0.1,0,0,0,0,0,0,0,0,0,0,0,0,0.0,0.0,0.0,0.0,0.0,0,0.0,0.0,0,0,0,0,0.0,0.0,0.0,0.0,0.0,0.0,0.0,0.0,0,0,0,0,0,0.0,Hamstring injury - 75% chance of playing,541,61,540,61,537,61,541,61,,,,,,,0.0,0.0,0.0,0.0,0.0,0.0,346,56,323,21,541,61,442,64,0.0,0.0
Tom King,Everton,GKP,4.5,0,0,0.0,0.0,0,0,0,0,0,0,0,0,0,0,0,0,0.0,0.0,0.0,0.0,0.0,0,0.0,0.0,0,0,0,0,0.0,0.0,0.0,0.0,0.0,0.0,0.0,0.0,0,0,0,0,0,0.0,,459,55,449,43,432,34,461,55,,,,,,,0.0,0.0,0.0,0.0,0.0,0.0,411,30,89,30,464,55,505,56,0.0,0.0
Mark Travers,Everton,GKP,5.0,0,0,0.0,0.0,0,0,0,0,0,0,0,0,0,0,0,0,0.0,0.0,0.0,0.0,0.0,0,0.0,0.0,0,0,0,0,0.0,0.0,0.0,0.0,0.0,0.0,0.0,0.0,0,0,0,0,0,0.0,,515,64,511,60,508,58,515,64,,,,,,,0.0,0.0,0.0,0.0,0.0,0.0,282,13,259,55,515,64,513,59,0.0,0.0
Mike Penders,Chelsea,GKP,4.5,0,0,0.0,0.1,0,0,0,0,0,0,0,0,0,0,0,0,0.0,0.0,0.0,0.0,0.0,0,0.0,0.0,0,0,0,0,0.0,0.0,0.0,0.0,0.0,0.0,0.0,0.0,0,0,0,0,0,0.0,,485,61,481,55,471,49,487,61,,,,,,,0.0,0.0,0.0,0.0,0.0,0.0,493,45,171,45,490,61,464,51,0.0,0.0
Anan Khalaili,Crystal Palace,DEF,5.0,0,0,0.0,0.0,0,0,0,0,0,0,0,0,0,0,0,0,0.0,0.0,0.0,0.0,0.0,0,0.0,0.0,0,0,0,0,0.0,0.0,0.0,0.0,0.0,0.0,0.0,0.0,0,0,0,0,0,0.0,,549,190,549,190,547,190,549,190,,,,,,,0.0,0.0,0.0,0.0,0.0,0.0,372,74,349,157,549,190,521,173,0.0,0.0
Dillon Phillips,Hull City,GKP,4.0,0,0,0.0,1.8,0,0,0,0,0,0,0,0,0,0,0,0,0.0,0.0,0.0,0.0,0.0,0,0.0,0.0,0,0,0,0,0.0,0.0,0.0,0.0,0.0,0.0,0.0,0.0,0,0,0,0,0,0.0,,405,38,390,22,371,13,407,38,,,,,,,0.0,0.0,0.0,0.0,0.0,0.0,538,55,16,9,411,38,137,21,0.0,0.0
Jack Butland,Hull City,GKP,4.5,0,0,0.0,0.3,0,0,0,0,0,0,0,0,0,0,0,0,0.0,0.0,0.0,0.0,0.0,0,0.0,0.0,0,0,0,0,0.0,0.0,0.0,0.0,0.0,0.0,0.0,0.0,0,0,0,0,0,0.0,Arm injury - Unknown return date,455,51,444,38,427,29,457,51,,,,,,,0.0,0.0,0.0,0.0,0.0,0.0,402,25,80,25,460,51,303,38,0.0,0.0
Harvey Cartwright,Hull City,GKP,4.0,0,0,0.0,0.0,0,0,0,0,0,0,0,0,0,0,0,0,0.0,0.0,0.0,0.0,0.0,0,0.0,0.0,0,0,0,0,0.0,0.0,0.0,0.0,0.0,0.0,0.0,0.0,0,0,0,0,0,0.0,Has joined Grimsby Town on loan for the rest of the season,435,47,420,31,401,22,437,47,,,,,,,0.0,0.0,0.0,0.0,0.0,0.0,569,64,47,18,441,47,528,62,0.0,0.0
Thimothée Lo-Tutala,Hull City,GKP,4.0,0,0,0.0,0.1,0,0,0,0,0,0,0,0,0,0,0,0,0.0,0.0,0.0,0.0,0.0,0,0.0,0.0,0,0,0,0,0.0,0.0,0.0,0.0,0.0,0.0,0.0,0.0,0,0,0,0,0,0.0,Has joined Colchester United on loan for the rest of the season,424,44,409,28,390,19,426,44,,,,,,,0.0,0.0,0.0,0.0,0.0,0.0,558,61,36,15,430,44,406,43,0.0,0.0
Abdülkadir Ömür,Hull City,MID,5.0,0,0,0.0,0.0,0,0,0,0,0,0,0,0,0,0,0,0,0.0,0.0,0.0,0.0,0.0,0,0.0,0.0,0,0,0,0,0.0,0.0,0.0,0.0,0.0,0.0,0.0,0.0,0,0,0,0,0,0.0,,508,206,504,206,500,205,508,206,,,,,,,0.0,0.0,0.0,0.0,0.0,0.0,261,160,238,47,508,206,541,227,0.0,0.0
Eliot Matazo,Hull City,MID,4.5,0,0,0.0,0.0,0,0,0,0,0,0,0,0,0,0,0,0,0.0,0.0,0.0,0.0,0.0,0,0.0,0.0,0,0,0,0,0.0,0.0,0.0,0.0,0.0,0.0,0.0,0.0,0,0,0,0,0,0.0,Knee injury - Unknown return date,471,191,464,193,450,187,473,192,,,,,,,0.0,0.0,0.0,0.0,0.0,0.0,462,245,140,9,476,194,579,251,0.0,0.0
Regan Slater,Hull City,MID,4.5,0,0,0.0,2.4,0,0,0,0,0,0,0,0,0,0,0,0,0.0,0.0,0.0,0.0,0.0,0,0.0,0.0,0,0,0,0,0.0,0.0,0.0,0.0,0.0,0.0,0.0,0.0,0,0,0,0,0,0.0,,466,189,458,191,443,185,468,190,2.0,,,,,,0.0,0.0,0.0,0.0,0.0,0.0,447,243,125,7,471,192,118,37,0.0,0.0
Matt Crooks,Hull City,MID,4.5,0,0,0.0,0.6,0,0,0,0,0,0,0,0,0,0,0,0,0.0,0.0,0.0,0.0,0.0,0,0.0,0.0,0,0,0,0,0.0,0.0,0.0,0.0,0.0,0.0,0.0,0.0,0,0,0,0,0,0.0,,454,186,443,188,426,182,456,187,,,,,,,0.0,0.0,0.0,0.0,0.0,0.0,401,237,79,1,459,189,236,77,0.0,0.0
Kieran Dowell,Hull City,MID,4.5,0,0,0.0,0.4,0,0,0,0,0,0,0,0,0,0,0,0,0.0,0.0,0.0,0.0,0.0,0,0.0,0.0,0,0,0,0,0.0,0.0,0.0,0.0,0.0,0.0,0.0,0.0,0,0,0,0,0,0.0,,460,187,450,189,433,183,462,188,,,,,,,0.0,0.0,0.0,0.0,0.0,0.0,418,240,96,4,465,190,276,90,0.0,0.0
Liam Millar,Hull City,MID,5.0,0,0,0.0,0.1,0,0,0,0,0,0,0,0,0,0,0,0,0.0,0.0,0.0,0.0,0.0,0,0.0,0.0,0,0,0,0,0.0,0.0,0.0,0.0,0.0,0.0,0.0,0.0,0,0,0,0,0,0.0,,518,211,514,211,511,210,518,211,,,,,,,0.0,0.0,0.0,0.0,0.0,0.0,287,172,264,59,518,211,458,187,0.0,0.0
Mohamed Belloumi,Hull City,MID,5.0,0,0,0.0,0.5,0,0,0,0,0,0,0,0,0,0,0,0,0.0,0.0,0.0,0.0,0.0,0,0.0,0.0,0,0,0,0,0.0,0.0,0.0,0.0,0.0,0.0,0.0,0.0,0,0,0,0,0,0.0,,546,230,546,230,543,229,546,230,3.0,,2.0,,,,0.0,0.0,0.0,0.0,0.0,0.0,363,215,340,102,546,230,266,85,0.0,0.0
Paddy McNair,Hull City,DEF,4.0,0,0,0.0,0.1,0,0,0,0,0,0,0,0,0,0,0,0,0.0,0.0,0.0,0.0,0.0,0,0.0,0.0,0,0,0,0,0.0,0.0,0.0,0.0,0.0,0.0,0.0,0.0,0,0,0,0,0,0.0,,404,137,389,136,370,132,406,137,,,,,,,0.0,0.0,0.0,0.0,0.0,0.0,536,151,14,6,410,138,425,147,0.0,0.0
Cathal McCarthy,Hull City,DEF,4.0,0,0,0.0,0.1,0,0,0,0,0,0,0,0,0,0,0,0,0.0,0.0,0.0,0.0,0.0,0,0.0,0.0,0,0,0,0,0.0,0.0,0.0,0.0,0.0,0.0,0.0,0.0,0,0,0,0,0,0.0,,451,172,437,172,420,170,453,172,,,,,,,0.0,0.0,0.0,0.0,0.0,0.0,592,195,70,50,456,172,438,149,0.0,0.0
Matty Jacob,Hull City,DEF,4.0,0,0,0.0,0.0,0,0,0,0,0,0,0,0,0,0,0,0,0.0,0.0,0.0,0.0,0.0,0,0.0,0.0,0,0,0,0,0.0,0.0,0.0,0.0,0.0,0.0,0.0,0.0,0,0,0,0,0,0.0,Hip injury - 75% chance of playing,425,151,410,150,391,146,427,151,,,,,,,0.0,0.0,0.0,0.0,0.0,0.0,559,167,37,22,431,152,543,185,0.0,0.0
Cody Drameh,Hull City,DEF,4.0,0,0,0.0,0.0,0,0,0,0,0,0,0,0,0,0,0,0,0.0,0.0,0.0,0.0,0.0,0,0.0,0.0,0,0,0,0,0.0,0.0,0.0,0.0,0.0,0.0,0.0,0.0,0,0,0,0,0,0.0,Hamstring injury - Expected back 29 Aug,421,149,406,148,387,144,423,149,,,,,,,0.0,0.0,0.0,0.0,0.0,0.0,555,165,33,20,427,150,538,182,0.0,0.0
Lewie Coyle,Hull City,DEF,4.0,0,0,0.0,0.6,0,0,0,0,0,0,0,0,0,0,0,0,0.0,0.0,0.0,0.0,0.0,0,0.0,0.0,0,0,0,0,0.0,0.0,0.0,0.0,0.0,0.0,0.0,0.0,0,0,0,0,0,0.0,,411,142,396,141,377,137,413,142,,,,,,,0.0,0.0,0.0,0.0,0.0,0.0,544,157,22,12,417,143,232,88,0.0,0.0
Semi Ajayi,Hull City,DEF,4.0,0,0,0.0,0.9,0,0,0,0,0,0,0,0,0,0,0,0,0.0,0.0,0.0,0.0,0.0,0,0.0,0.0,0,0,0,0,0.0,0.0,0.0,0.0,0.0,0.0,0.0,0.0,0,0,0,0,0,0.0,,403,136,387,135,368,131,405,136,,,,,,,0.0,0.0,0.0,0.0,0.0,0.0,534,150,12,5,409,137,198,72,0.0,0.0
Charlie Hughes,Hull City,DEF,4.0,0,0,0.0,0.3,0,0,0,0,0,0,0,0,0,0,0,0,0.0,0.0,0.0,0.0,0.0,0,0.0,0.0,0,0,0,0,0.0,0.0,0.0,0.0,0.0,0.0,0.0,0.0,0,0,0,0,0,0.0,Groin injury - Unknown return date,438,161,423,160,404,156,440,161,,,,,,,0.0,0.0,0.0,0.0,0.0,0.0,572,177,50,32,443,161,300,111,0.0,0.0
John Egan,Hull City,DEF,4.0,0,0,0.0,1.9,0,0,0,0,0,0,0,0,0,0,0,0,0.0,0.0,0.0,0.0,0.0,0,0.0,0.0,0,0,0,0,0.0,0.0,0.0,0.0,0.0,0.0,0.0,0.0,0,0,0,0,0,0.0,,401,135,385,134,366,130,403,135,,,,,,,0.0,0.0,0.0,0.0,0.0,0.0,531,148,9,3,407,136,135,56,0.0,0.0
Takehiro Tomiyasu,Crystal Palace,DEF,4.5,0,0,0.0,0.2,0,0,0,0,0,0,0,0,0,0,0,0,0.0,0.0,0.0,0.0,0.0,0,0.0,0.0,0,0,0,0,0.0,0.0,0.0,0.0,0.0,0.0,0.0,0.0,0,0,0,0,0,0.0,,462,175,454,175,439,174,464,175,,,,,,,0.0,0.0,0.0,0.0,0.0,0.0,435,103,113,75,467,175,330,124,0.0,0.0
Remi Matthews,Crystal Palace,GKP,4.0,0,0,0.0,1.7,0,0,0,0,0,0,0,0,0,0,0,0,0.0,0.0,0.0,0.0,0.0,0,0.0,0.0,0,0,0,0,0.0,0.0,0.0,0.0,0.0,0.0,0.0,0.0,0,0,0,0,0,0.0,,407,39,392,23,373,14,409,39,,,,,,,0.0,0.0,0.0,0.0,0.0,0.0,540,56,18,10,413,39,147,22,0.0,0.0
Aaron Anselmino,Chelsea,DEF,4.5,0,0,0.0,0.0,0,0,0,0,0,0,0,0,0,0,0,0,0.0,0.0,0.0,0.0,0.0,0,0.0,0.0,0,0,0,0,0.0,0.0,0.0,0.0,0.0,0.0,0.0,0.0,0,0,0,0,0,0.0,,497,184,492,184,483,184,497,184,,,,,,,0.0,0.0,0.0,0.0,0.0,0.0,517,145,195,117,498,184,542,184,0.0,0.0
Kaine Andrews,Coventry City,MID,4.5,0,0,0.0,0.7,0,0,0,0,0,0,0,0,0,0,0,0,0.0,0.0,0.0,0.0,0.0,0,0.0,0.0,0,0,0,0,0.0,0.0,0.0,0.0,0.0,0.0,0.0,0.0,0,0,0,0,0,0.0,,498,198,493,199,484,196,498,198,,,,,,,0.0,0.0,0.0,0.0,0.0,0.0,518,258,196,22,499,199,227,76,0.0,0.0
Loum Tchaouna,Coventry City,MID,5.5,0,0,0.0,0.1,0,0,0,0,0,0,0,0,0,0,0,0,0.0,0.0,0.0,0.0,0.0,0,0.0,0.0,0,0,0,0,0.0,0.0,0.0,0.0,0.0,0.0,0.0,0.0,0,18,13,38,69,0.0,,571,247,571,247,570,247,571,247,,,,,,,0.0,0.0,0.0,0.0,0.0,0.0,179,109,438,160,571,247,403,156,0.0,0.0
George Shepherd,Coventry City,MID,4.5,0,0,0.0,0.3,0,0,0,0,0,0,0,0,0,0,0,0,0.0,0.0,0.0,0.0,0.0,0,0.0,0.0,0,0,0,0,0.0,0.0,0.0,0.0,0.0,0.0,0.0,0.0,0,0,0,0,0,0.0,,500,200,494,200,487,199,500,200,,,,,,,0.0,0.0,0.0,0.0,0.0,0.0,522,261,200,25,500,200,315,106,0.0,0.0
Victor Torp,Coventry City,MID,5.5,0,0,0.0,0.2,0,0,0,0,0,0,0,0,0,0,0,0,0.0,0.0,0.0,0.0,0.0,0,0.0,0.0,0,0,0,0,0.0,0.0,0.0,0.0,0.0,0.0,0.0,0.0,0,0,0,0,0,0.0,,563,240,563,240,562,240,563,240,2.0,,2.0,,2.0,,0.0,0.0,0.0,0.0,0.0,0.0,145,90,404,141,563,240,363,130,0.0,0.0
Josh Eccles,Coventry City,MID,5.0,0,0,0.0,0.0,0,0,0,0,0,0,0,0,0,0,0,0,0.0,0.0,0.0,0.0,0.0,0,0.0,0.0,0,0,0,0,0.0,0.0,0.0,0.0,0.0,0.0,0.0,0.0,0,0,0,0,0,0.0,,522,214,519,214,516,213,522,214,,,,,,,0.0,0.0,0.0,0.0,0.0,0.0,300,179,277,66,522,214,540,226,0.0,0.0
Ephron Mason-Clark,Coventry City,MID,5.5,0,0,0.0,0.1,0,0,0,0,0,0,0,0,0,0,0,0,0.0,0.0,0.0,0.0,0.0,0,0.0,0.0,0,0,0,0,0.0,0.0,0.0,0.0,0.0,0.0,0.0,0.0,0,0,0,0,0,0.0,Hamstring injury - 75% chance of playing,564,241,564,241,563,241,564,241,,,,,,,0.0,0.0,0.0,0.0,0.0,0.0,148,92,407,143,564,241,391,147,0.0,0.0
Tatsuhiro Sakamoto,Coventry City,MID,5.0,0,0,0.0,0.1,0,0,0,0,0,0,0,0,0,0,0,0,0.0,0.0,0.0,0.0,0.0,0,0.0,0.0,0,0,0,0,0.0,0.0,0.0,0.0,0.0,0.0,0.0,0.0,0,0,0,0,0,0.0,,540,226,539,226,536,225,540,226,,,,,,,0.0,0.0,0.0,0.0,0.0,0.0,344,200,321,87,540,226,401,154,0.0,0.0
Matt Grimes,Coventry City,MID,5.0,0,0,0.0,0.2,0,0,0,0,0,0,0,0,0,0,0,0,0.0,0.0,0.0,0.0,0.0,0,0.0,0.0,0,0,0,0,0.0,0.0,0.0,0.0,0.0,0.0,0.0,0.0,0,0,0,0,0,0.0,,505,203,501,203,495,202,505,203,1.0,,,,3.0,,0.0,0.0,0.0,0.0,0.0,0.0,246,150,223,37,505,203,354,124,0.0,0.0
Jack Rudoni,Coventry City,MID,5.0,0,0,0.0,0.1,0,0,0,0,0,0,0,0,0,0,0,0,0.0,0.0,0.0,0.0,0.0,0,0.0,0.0,0,0,0,0,0.0,0.0,0.0,0.0,0.0,0.0,0.0,0.0,0,0,0,0,0,0.0,Shoulder injury - 75% chance of playing,532,221,531,221,527,220,532,221,3.0,,1.0,,,,0.0,0.0,0.0,0.0,0.0,0.0,321,188,298,75,532,221,402,155,0.0,0.0
Aurèle Amenda,Coventry City,DEF,4.0,0,0,0.0,0.8,0,0,0,0,0,0,0,0,0,0,0,0,0.0,0.0,0.0,0.0,0.0,0,0.0,0.0,0,0,0,0,0.0,0.0,0.0,0.0,0.0,0.0,0.0,0.0,0,0,0,0,0,0.0,,442,164,427,163,408,159,444,164,,,,,,,0.0,0.0,0.0,0.0,0.0,0.0,576,180,54,35,447,164,206,76,0.0,0.0
Miguel Brau,Coventry City,DEF,4.0,0,0,0.0,0.0,0,0,0,0,0,0,0,0,0,0,0,0,0.0,0.0,0.0,0.0,0.0,0,0.0,0.0,0,0,0,0,0.0,0.0,0.0,0.0,0.0,0.0,0.0,0.0,0,0,0,0,0,0.0,,444,166,430,166,412,163,446,166,,,,,,,0.0,0.0,0.0,0.0,0.0,0.0,582,186,60,41,449,166,502,170,0.0,0.0
Luke Woolfenden,Coventry City,DEF,4.0,0,0,0.0,0.2,0,0,0,0,0,0,0,0,0,0,0,0,0.0,0.0,0.0,0.0,0.0,0,0.0,0.0,0,0,0,0,0.0,0.0,0.0,0.0,0.0,0.0,0.0,0.0,0,0,0,0,0,0.0,,416,146,401,145,382,141,418,146,,,,,,,0.0,0.0,0.0,0.0,0.0,0.0,550,162,28,17,422,147,344,131,0.0,0.0
Joel Latibeaudiere,Coventry City,DEF,4.0,0,0,0.0,0.1,0,0,0,0,0,0,0,0,0,0,0,0,0.0,0.0,0.0,0.0,0.0,0,0.0,0.0,0,0,0,0,0.0,0.0,0.0,0.0,0.0,0.0,0.0,0.0,0,0,0,0,0,0.0,,412,143,397,142,378,138,414,143,,,,,,,0.0,0.0,0.0,0.0,0.0,0.0,545,158,23,13,418,144,483,165,0.0,0.0
Jake Bidwell,Coventry City,DEF,4.0,0,0,0.0,0.1,0,0,0,0,0,0,0,0,0,0,0,0,0.0,0.0,0.0,0.0,0.0,0,0.0,0.0,0,0,0,0,0.0,0.0,0.0,0.0,0.0,0.0,0.0,0.0,0,0,0,0,0,0.0,,399,134,383,133,364,129,401,134,,,,,,,0.0,0.0,0.0,0.0,0.0,0.0,528,146,6,1,405,135,440,151,0.0,0.0
Kaine Kesler-Hayden,Coventry City,DEF,4.0,0,0,0.0,0.1,0,0,0,0,0,0,0,0,0,0,0,0,0.0,0.0,0.0,0.0,0.0,0,0.0,0.0,0,0,0,0,0.0,0.0,0.0,0.0,0.0,0.0,0.0,0.0,0,0,0,0,0,0.0,,431,156,416,155,397,151,433,156,,,,,,,0.0,0.0,0.0,0.0,0.0,0.0,565,172,43,27,437,157,457,157,0.0,0.0
Jay Dasilva,Coventry City,DEF,4.0,0,0,0.0,0.8,0,0,0,0,0,0,0,0,0,0,0,0,0.0,0.0,0.0,0.0,0.0,0,0.0,0.0,0,0,0,0,0.0,0.0,0.0,0.0,0.0,0.0,0.0,0.0,0,0,0,0,0,0.0,,408,139,393,138,374,134,410,139,,,,,,,0.0,0.0,0.0,0.0,0.0,0.0,541,154,19,9,414,140,211,78,0.0,0.0
Raphael Borges Rodrigues,Coventry City,MID,4.5,0,0,0.0,0.2,0,0,0,0,0,0,0,0,0,0,0,0,0.0,0.0,0.0,0.0,0.0,0,0.0,0.0,0,0,0,0,0.0,0.0,0.0,0.0,0.0,0.0,0.0,0.0,0,0,0,0,0,0.0,,476,194,470,196,457,190,478,195,,,,,,,0.0,0.0,0.0,0.0,0.0,0.0,477,249,155,13,481,197,364,131,0.0,0.0
Haji Wright,Coventry City,FWD,5.5,0,0,0.0,0.7,0,0,0,0,0,0,0,0,0,0,0,0,0.0,0.0,0.0,0.0,0.0,0,0.0,0.0,0,0,0,0,0.0,0.0,0.0,0.0,0.0,0.0,0.0,0.0,0,0,0,0,0,0.0,Thigh injury - Unknown return date,561,65,561,65,560,65,561,65,,,,,1.0,,0.0,0.0,0.0,0.0,0.0,0.0,124,33,383,29,561,65,225,38,0.0,0.0
Valentín Barco,Chelsea,MID,5.5,0,0,0.0,0.1,0,0,0,0,0,0,0,0,0,0,0,0,0.0,0.0,0.0,0.0,0.0,0,0.0,0.0,0,0,0,0,0.0,0.0,0.0,0.0,0.0,0.0,0.0,0.0,0,0,0,0,0,0.0,,576,252,576,252,575,252,576,252,,,,,,,0.0,0.0,0.0,0.0,0.0,0.0,202,127,461,178,576,252,412,162,0.0,0.0
Brandon Thomas-Asante,Coventry City,FWD,5.0,0,0,0.0,0.8,0,0,0,0,0,0,0,0,0,0,0,0,0.0,0.0,0.0,0.0,0.0,0,0.0,0.0,0,0,0,0,0.0,0.0,0.0,0.0,0.0,0.0,0.0,0.0,0,0,0,0,0,0.0,,516,58,512,58,509,58,516,58,,,,,4.0,,0.0,0.0,0.0,0.0,0.0,0.0,283,51,260,16,516,58,210,35,0.0,0.0
Jesurun J.Rak-Sakyi,Crystal Palace,MID,5.0,0,0,0.0,0.0,0,0,0,0,0,0,0,0,0,0,0,0,0.0,0.0,0.0,0.0,0.0,0,0.0,0.0,0,0,0,0,0.0,0.0,0.0,0.0,0.0,0.0,0.0,0.0,0,0,0,0,0,0.0,,524,216,522,216,519,215,524,216,,,,,,,0.0,0.0,0.0,0.0,0.0,0.0,307,182,284,69,524,216,582,254,0.0,0.0
Cheick Doucouré,Crystal Palace,MID,5.0,0,0,0.0,0.1,0,0,0,0,0,0,0,0,0,0,0,0,0.0,0.0,0.0,0.0,0.0,0,0.0,0.0,0,0,0,0,0.0,0.0,0.0,0.0,0.0,0.0,0.0,0.0,0,0,0,0,0,0.0,,521,213,518,213,515,212,521,213,,,,,,,0.0,0.0,0.0,0.0,0.0,0.0,299,178,276,65,521,213,470,193,0.0,0.0
Matheus M.França,Crystal Palace,MID,5.0,0,0,0.0,0.0,0,0,0,0,0,0,0,0,0,0,0,0,0.0,0.0,0.0,0.0,0.0,0,0.0,0.0,0,0,0,0,0.0,0.0,0.0,0.0,0.0,0.0,0.0,0.0,0,0,0,0,0,0.0,,545,229,545,229,542,228,545,229,,,,,,,0.0,0.0,0.0,0.0,0.0,0.0,361,213,338,100,545,229,497,208,0.0,0.0
Mykhailo Mudryk,Chelsea,MID,5.5,0,0,0.0,0.0,0,0,0,0,0,0,0,0,0,0,0,0,0.0,0.0,0.0,0.0,0.0,0,0.0,0.0,0,0,0,0,0.0,0.0,0.0,0.0,0.0,0.0,0.0,0.0,0,0,0,0,0,0.0,,570,246,570,246,569,246,570,246,,,,,,,0.0,0.0,0.0,0.0,0.0,0.0,177,108,436,159,570,246,526,221,0.0,0.0
Pep Chavarria,Chelsea,DEF,5.0,0,0,0.0,0.1,0,0,0,0,0,0,0,0,0,0,0,0,0.0,0.0,0.0,0.0,0.0,0,0.0,0.0,0,0,0,0,0.0,0.0,0.0,0.0,0.0,0.0,0.0,0.0,0,0,0,0,0,0.0,,537,188,536,188,533,188,537,188,,,,,,,0.0,0.0,0.0,0.0,0.0,0.0,340,70,317,153,537,188,389,143,0.0,0.0
Oscar Mingueza,Crystal Palace,DEF,4.5,0,0,0.0,0.1,0,0,0,0,0,0,0,0,0,0,0,0,0.0,0.0,0.0,0.0,0.0,0,0.0,0.0,0,0,0,0,0.0,0.0,0.0,0.0,0.0,0.0,0.0,0.0,0,0,0,0,0,0.0,,465,176,457,176,442,175,467,176,,,,,,,0.0,0.0,0.0,0.0,0.0,0.0,445,111,123,83,470,176,439,150,0.0,0.0
Carl Rushworth,Coventry City,GKP,4.5,0,0,0.0,1.0,0,0,0,0,0,0,0,0,0,0,0,0,0.0,0.0,0.0,0.0,0.0,0,0.0,0.0,0,0,0,0,0.0,0.0,0.0,0.0,0.0,0.0,0.0,0.0,0,0,0,0,0,0.0,,473,58,466,49,452,42,475,58,,,,,,,0.0,0.0,0.0,0.0,0.0,0.0,467,38,145,38,478,58,192,28,0.0,0.0
Oliver Dovin,Coventry City,GKP,4.0,0,0,0.0,2.1,0,0,0,0,0,0,0,0,0,0,0,0,0.0,0.0,0.0,0.0,0.0,0,0.0,0.0,0,0,0,0,0.0,0.0,0.0,0.0,0.0,0.0,0.0,0.0,0,0,0,0,0,0.0,,433,46,418,30,399,21,435,46,,,,,,,0.0,0.0,0.0,0.0,0.0,0.0,567,63,45,17,439,46,129,20,0.0,0.0
Ben Wilson,Coventry City,GKP,4.5,0,0,0.0,0.5,0,0,0,0,0,0,0,0,0,0,0,0,0.0,0.0,0.0,0.0,0.0,0,0.0,0.0,0,0,0,0,0.0,0.0,0.0,0.0,0.0,0.0,0.0,0.0,0,0,0,0,0,0.0,,457,53,446,40,429,31,459,53,,,,,,,0.0,0.0,0.0,0.0,0.0,0.0,407,27,85,27,462,53,250,33,0.0,0.0
Bobby Thomas,Coventry City,DEF,4.0,0,0,0.0,7.9,0,0,0,0,0,0,0,0,0,0,0,0,0.0,0.0,0.0,0.0,0.0,0,0.0,0.0,0,0,0,0,0.0,0.0,0.0,0.0,0.0,0.0,0.0,0.0,0,0,0,0,0,0.0,,429,155,414,154,395,150,431,155,,,,,,,0.0,0.0,0.0,0.0,0.0,0.0,563,171,41,26,435,156,56,22,0.0,0.0
Gustavo Hamer,Coventry City,MID,5.5,0,0,0.0,0.1,0,0,0,0,0,0,0,0,0,0,0,0,0.0,0.0,0.0,0.0,0.0,0,0.0,0.0,0,0,0,0,0.0,0.0,0.0,0.0,0.0,0.0,0.0,0.0,0,0,0,0,0,0.0,,562,239,562,239,561,239,562,239,,,,,,,0.0,0.0,0.0,0.0,0.0,0.0,128,80,387,131,562,239,427,171,0.0,0.0
Caleb Yirenkyi,Coventry City,MID,5.0,0,0,0.0,0.2,0,0,0,0,0,0,0,0,0,0,0,0,0.0,0.0,0.0,0.0,0.0,0,0.0,0.0,0,0,0,0,0.0,0.0,0.0,0.0,0.0,0.0,0.0,0.0,0,0,0,0,0,0.0,,557,237,557,237,555,237,557,237,,,,,,,0.0,0.0,0.0,0.0,0.0,0.0,390,234,367,121,557,237,351,123,0.0,0.0
Norman Bassette,Coventry City,FWD,4.5,0,0,0.0,0.1,0,0,0,0,0,0,0,0,0,0,0,0,0.0,0.0,0.0,0.0,0.0,0,0.0,0.0,0,0,0,0,0.0,0.0,0.0,0.0,0.0,0.0,0.0,0.0,0,0,0,0,0,0.0,Has joined KVC Westerlo on loan for the rest of the season,484,49,480,49,470,49,486,50,,,,,,,0.0,0.0,0.0,0.0,0.0,0.0,492,63,170,5,489,51,396,61,0.0,0.0
Jahnoah Markelo,Coventry City,FWD,5.0,0,0,0.0,0.1,0,0,0,0,0,0,0,0,0,0,0,0,0.0,0.0,0.0,0.0,0.0,0,0.0,0.0,0,0,0,0,0.0,0.0,0.0,0.0,0.0,0.0,0.0,0.0,0,0,0,0,0,0.0,Has joined Shabab Al-Ahli Dubai permanently,547,62,547,62,545,62,547,62,,,,,,,0.0,0.0,0.0,0.0,0.0,0.0,369,57,346,22,547,62,480,65,0.0,0.0
Ellis Simms,Coventry City,FWD,5.0,0,0,0.0,0.8,0,0,0,0,0,0,0,0,0,0,0,0,0.0,0.0,0.0,0.0,0.0,0,0.0,0.0,0,0,0,0,0.0,0.0,0.0,0.0,0.0,0.0,0.0,0.0,0,0,0,0,0,0.0,,512,56,508,56,505,56,512,56,,,,,,,0.0,0.0,0.0,0.0,0.0,0.0,272,49,249,14,512,56,208,34,0.0,0.0
Abu Kamara,Hull City,MID,5.0,0,0,0.0,0.0,0,0,0,0,0,0,0,0,0,0,0,0,0.0,0.0,0.0,0.0,0.0,0,0.0,0.0,0,0,0,0,0.0,0.0,0.0,0.0,0.0,0.0,0.0,0.0,0,0,0,0,0,0.0,Has joined Portsmouth permanently,535,222,534,222,530,221,535,222,,,,,,,0.0,0.0,0.0,0.0,0.0,0.0,332,194,309,81,535,222,559,237,0.0,0.0
Óscar Zambrano,Hull City,MID,4.5,0,0,0.0,0.2,0,0,0,0,0,0,0,0,0,0,0,0,0.0,0.0,0.0,0.0,0.0,0,0.0,0.0,0,0,0,0,0.0,0.0,0.0,0.0,0.0,0.0,0.0,0.0,0,0,0,0,0,0.0,Thigh injury - Unknown return date,486,195,482,197,472,193,488,196,,,,,,,0.0,0.0,0.0,0.0,0.0,0.0,496,252,174,16,491,198,341,118,0.0,0.0
Oli McBurnie,Hull City,FWD,5.5,0,0,0.0,1.5,0,0,0,0,0,0,0,0,0,0,0,0,0.0,0.0,0.0,0.0,0.0,0,0.0,0.0,0,0,0,0,0.0,0.0,0.0,0.0,0.0,0.0,0.0,0.0,0,0,0,0,0,0.0,,560,64,560,64,559,64,560,64,,,,,1.0,,0.0,0.0,0.0,0.0,0.0,0.0,120,30,379,26,560,64,158,26,0.0,0.0
Giovanni Leoni,Liverpool,DEF,4.0,0,0,0.0,0.1,0,0,0,0,0,0,0,0,0,0,0,0,0.0,0.0,0.0,0.0,0.0,0,0.0,0.0,0,0,0,0,0.0,0.0,0.0,0.0,0.0,0.0,0.0,0.0,0,0,0,0,0,0.0,Knee injury - Unknown return date,450,171,436,171,419,169,452,171,,,,,,,0.0,0.0,0.0,0.0,0.0,0.0,591,194,69,49,455,171,474,162,0.0,0.0
Wellity Lucky,Liverpool,DEF,4.0,0,0,0.0,0.1,0,0,0,0,0,0,0,0,0,0,0,0,0.0,0.0,0.0,0.0,0.0,0,0.0,0.0,0,0,0,0,0.0,0.0,0.0,0.0,0.0,0.0,0.0,0.0,0,0,0,0,0,0.0,,440,162,425,161,406,157,442,162,,,,,,,0.0,0.0,0.0,0.0,0.0,0.0,574,178,52,33,445,162,411,145,0.0,0.0
Milan van Ewijk,Coventry City,DEF,4.0,0,0,0.0,14.6,0,0,0,0,0,0,0,0,0,0,0,0,0.0,0.0,0.0,0.0,0.0,0,0.0,0.0,0,0,0,0,0.0,0.0,0.0,0.0,0.0,0.0,0.0,0.0,0,0,0,0,0,0.0,,427,153,412,152,393,148,429,153,,,,,,,0.0,0.0,0.0,0.0,0.0,0.0,561,169,39,24,433,154,30,10,0.0,0.0
Harvey Davies,Liverpool,GKP,4.0,0,0,0.0,0.1,0,0,0,0,0,0,0,0,0,0,0,0,0.0,0.0,0.0,0.0,0.0,0,0.0,0.0,0,0,0,0,0.0,0.0,0.0,0.0,0.0,0.0,0.0,0.0,0,0,0,0,0,0.0,,430,45,415,29,396,20,432,45,,,,,,,0.0,0.0,0.0,0.0,0.0,0.0,564,62,42,16,436,45,423,46,0.0,0.0
Vitezslav Jaros,Liverpool,GKP,4.0,0,0,0.0,0.0,0,0,0,0,0,0,0,0,0,0,0,0,0.0,0.0,0.0,0.0,0.0,0,0.0,0.0,0,0,0,0,0.0,0.0,0.0,0.0,0.0,0.0,0.0,0.0,0,0,0,0,0,0.0,Knee injury - Unknown return date,420,42,405,26,386,17,422,42,,,,,,,0.0,0.0,0.0,0.0,0.0,0.0,554,59,32,13,426,42,549,64,0.0,0.0
Armin Pecsi,Liverpool,GKP,4.0,0,0,0.0,0.1,0,0,0,0,0,0,0,0,0,0,0,0,0.0,0.0,0.0,0.0,0.0,0,0.0,0.0,0,0,0,0,0.0,0.0,0.0,0.0,0.0,0.0,0.0,0.0,0,0,0,0,0,0.0,Has joined TSV Hartberg on loan for the rest of the season,447,49,433,33,415,24,449,49,,,,,,,0.0,0.0,0.0,0.0,0.0,0.0,585,66,63,20,452,49,443,50,0.0,0.0
Mateo Mateo Joseph,Leeds,FWD,4.5,0,0,0.0,0.1,0,0,0,0,0,0,0,0,0,0,0,0,0.0,0.0,0.0,0.0,0.0,0,0.0,0.0,0,0,0,0,0.0,0.0,0.0,0.0,0.0,0.0,0.0,0.0,0,0,0,0,0,0.0,Knee injury - Unknown return date,490,51,486,51,476,51,492,52,,,,,,,0.0,0.0,0.0,0.0,0.0,0.0,500,65,178,7,494,53,421,62,0.0,0.0
Zadok Yohanna,Brighton,MID,5.0,0,0,0.0,0.1,0,0,0,0,0,0,0,0,0,0,0,0,0.0,0.0,0.0,0.0,0.0,0,0.0,0.0,0,0,0,0,0.0,0.0,0.0,0.0,0.0,0.0,0.0,0.0,0,0,0,0,0,0.0,,558,238,558,238,556,238,558,238,,,,,,,0.0,0.0,0.0,0.0,0.0,0.0,392,236,369,123,558,238,454,184,0.0,0.0
Tarik Muharemović,Leeds,DEF,5.0,0,0,0.0,2.5,0,0,0,0,0,0,0,0,0,0,0,0,0.0,0.0,0.0,0.0,0.0,0,0.0,0.0,0,0,0,0,0.0,0.0,0.0,0.0,0.0,0.0,0.0,0.0,0,0,0,0,0,0.0,,543,189,543,189,540,189,543,189,,,,,,,0.0,0.0,0.0,0.0,0.0,0.0,355,72,332,155,543,189,116,49,0.0,0.0
Evan Ferguson,Brighton,FWD,5.0,0,0,0.0,0.0,0,0,0,0,0,0,0,0,0,0,0,0,0.0,0.0,0.0,0.0,0.0,0,0.0,0.0,0,0,0,0,0.0,0.0,0.0,0.0,0.0,0.0,0.0,0.0,0,0,0,0,0,0.0,Ankle injury - Expected back 10 Oct,534,60,533,60,529,60,534,60,,,,,,,0.0,0.0,0.0,0.0,0.0,0.0,327,54,304,19,534,60,517,68,0.0,0.0
Luka Vuskovic,Brighton,DEF,5.0,0,0,0.0,2.7,0,0,0,0,0,0,0,0,0,0,0,0,0.0,0.0,0.0,0.0,0.0,0,0.0,0.0,0,0,0,0,0.0,0.0,0.0,0.0,0.0,0.0,0.0,0.0,0,0,0,0,0,0.0,,553,192,553,192,551,192,553,192,,,,,,,0.0,0.0,0.0,0.0,0.0,0.0,381,76,358,159,553,192,111,45,0.0,0.0
Abdoul Ouattara,Ipswich Town,DEF,4.0,0,0,0.0,0.0,0,0,0,0,0,0,0,0,0,0,0,0,0.0,0.0,0.0,0.0,0.0,0,0.0,0.0,0,0,0,0,0.0,0.0,0.0,0.0,0.0,0.0,0.0,0.0,0,0,0,0,0,0.0,,443,165,429,165,411,162,445,165,,,,,,,0.0,0.0,0.0,0.0,0.0,0.0,580,184,58,39,448,165,546,186,0.0,0.0
Julio Enciso,Ipswich Town,MID,5.5,0,0,0.0,0.0,0,0,0,0,0,0,0,0,0,0,0,0,0.0,0.0,0.0,0.0,0.0,0,0.0,0.0,0,0,0,0,0.0,0.0,0.0,0.0,0.0,0.0,0.0,0.0,0,0,0,0,0,0.0,,572,248,572,248,571,248,572,248,,,,,,,0.0,0.0,0.0,0.0,0.0,0.0,180,110,439,161,572,248,580,252,0.0,0.0
Florentino Ibrain Florentino,Ipswich Town,MID,5.0,0,0,0.0,0.1,0,0,0,0,0,0,0,0,0,0,0,0,0.0,0.0,0.0,0.0,0.0,0,0.0,0.0,0,0,0,0,0.0,0.0,0.0,0.0,0.0,0.0,0.0,0.0,0,0,0,0,0,0.0,,511,208,507,208,504,207,511,208,,,,,,,0.0,0.0,0.0,0.0,0.0,0.0,271,165,248,52,511,208,414,163,0.0,0.0
Kjell Scherpen,Ipswich Town,GKP,4.5,0,0,0.0,0.5,0,0,0,0,0,0,0,0,0,0,0,0,0.0,0.0,0.0,0.0,0.0,0,0.0,0.0,0,0,0,0,0.0,0.0,0.0,0.0,0.0,0.0,0.0,0.0,0,0,0,0,0,0.0,,464,56,456,46,441,38,466,56,,,,,,,0.0,0.0,0.0,0.0,0.0,0.0,444,34,122,34,469,56,251,34,0.0,0.0
Daizen Maeda,Ipswich Town,MID,5.5,0,0,0.0,0.4,0,0,0,0,0,0,0,0,0,0,0,0,0.0,0.0,0.0,0.0,0.0,0,0.0,0.0,0,0,0,0,0.0,0.0,0.0,0.0,0.0,0.0,0.0,0.0,0,0,0,0,0,0.0,,567,244,567,244,566,244,567,244,,,,,,,0.0,0.0,0.0,0.0,0.0,0.0,163,102,422,153,567,244,270,87,0.0,0.0
Jeremy Jacquet,Liverpool,DEF,5.0,0,0,0.0,2.2,0,0,0,0,0,0,0,0,0,0,0,0,0.0,0.0,0.0,0.0,0.0,0,0.0,0.0,0,0,0,0,0.0,0.0,0.0,0.0,0.0,0.0,0.0,0.0,0,0,0,0,0,0.0,,551,191,551,191,549,191,551,191,,,,,,,0.0,0.0,0.0,0.0,0.0,0.0,377,75,354,158,551,191,122,51,0.0,0.0
Kostas Tsimikas,Liverpool,DEF,5.0,0,0,0.0,0.1,0,0,0,0,0,0,0,0,0,0,0,0,0.0,0.0,0.0,0.0,0.0,0,0.0,0.0,0,0,0,0,0.0,0.0,0.0,0.0,0.0,0.0,0.0,0.0,0,0,0,0,0,0.0,,510,185,506,185,502,185,510,185,,,,,,,0.0,0.0,0.0,0.0,0.0,0.0,267,44,244,127,510,185,444,152,0.0,0.0
Anis Mehmeti,Ipswich Town,MID,5.0,0,0,0.0,0.1,0,0,0,0,0,0,0,0,0,0,0,0,0.0,0.0,0.0,0.0,0.0,0,0.0,0.0,0,0,0,0,0.0,0.0,0.0,0.0,0.0,0.0,0.0,0.0,0,0,0,0,0,0.0,,517,210,513,210,510,209,517,210,,,,,,,0.0,0.0,0.0,0.0,0.0,0.0,285,170,262,57,517,210,476,197,0.0,0.0
Calvin Ramsay,Liverpool,DEF,4.0,0,0,0.0,0.2,0,0,0,0,0,0,0,0,0,0,0,0,0.0,0.0,0.0,0.0,0.0,0,0.0,0.0,0,0,0,0,0.0,0.0,0.0,0.0,0.0,0.0,0.0,0.0,0,0,0,0,0,0.0,,434,158,419,157,400,153,436,158,,,,,,,0.0,0.0,0.0,0.0,0.0,0.0,568,174,46,29,440,159,339,129,0.0,0.0
Jannik Schuster,Brentford,DEF,4.5,0,0,0.0,0.2,0,0,0,0,0,0,0,0,0,0,0,0,0.0,0.0,0.0,0.0,0.0,0,0.0,0.0,0,0,0,0,0.0,0.0,0.0,0.0,0.0,0.0,0.0,0.0,0,0,0,0,0,0.0,,480,180,475,180,463,179,482,180,,,,,,,0.0,0.0,0.0,0.0,0.0,0.0,484,131,162,103,485,180,383,142,0.0,0.0
Vitor Vitor Reis,Man City,DEF,4.5,0,0,0.0,0.0,0,0,0,0,0,0,0,0,0,0,0,0,0.0,0.0,0.0,0.0,0.0,0,0.0,0.0,0,0,0,0,0.0,0.0,0.0,0.0,0.0,0.0,0.0,0.0,0,0,0,0,0,0.0,,496,183,491,183,482,183,496,183,,,,,,,0.0,0.0,0.0,0.0,0.0,0.0,516,144,194,116,497,183,539,183,0.0,0.0
Jaidon Anthony,Brentford,MID,6.0,0,0,0.0,0.2,0,0,0,0,0,0,0,0,0,0,0,0,0.0,0.0,0.0,0.0,0.0,0,0.0,0.0,0,0,0,0,0.0,0.0,0.0,0.0,0.0,0.0,0.0,0.0,0,42,49,141,232,0.0,,583,255,583,255,583,255,583,255,,,,,,,0.0,0.0,0.0,0.0,0.0,0.0,85,54,512,204,583,255,367,134,0.0,0.0
Callum Wilson,Brentford,FWD,5.5,0,0,0.0,0.3,0,0,0,0,0,0,0,0,0,0,0,0,0.0,0.0,0.0,0.0,0.0,0,0.0,0.0,0,0,0,0,0.0,0.0,0.0,0.0,0.0,0.0,0.0,0.0,0,4,10,27,41,0.0,,559,63,559,63,557,63,559,63,,,,,,,0.0,0.0,0.0,0.0,0.0,0.0,112,28,371,24,559,63,295,52,0.0,0.0
Marcus Bettinelli,Man City,GKP,4.5,0,0,0.0,0.0,0,0,0,0,0,0,0,0,0,0,0,0,0.0,0.0,0.0,0.0,0.0,0,0.0,0.0,0,0,0,0,0.0,0.0,0.0,0.0,0.0,0.0,0.0,0.0,0,0,0,0,0,0.0,,458,54,448,42,431,33,460,54,,,,,,,0.0,0.0,0.0,0.0,0.0,0.0,409,29,87,29,463,54,530,63,0.0,0.0
Mamadou Sangaré,Brentford,MID,5.5,0,0,0.0,2.1,0,0,0,0,0,0,0,0,0,0,0,0,0.0,0.0,0.0,0.0,0.0,0,0.0,0.0,0,0,0,0,0.0,0.0,0.0,0.0,0.0,0.0,0.0,0.0,0,0,0,0,0,0.0,,574,250,574,250,573,250,574,250,,,,,,,0.0,0.0,0.0,0.0,0.0,0.0,199,124,458,175,574,250,130,40,0.0,0.0
Jason Steele,Brighton,GKP,4.0,0,0,0.0,4.3,0,0,0,0,0,0,0,0,0,0,0,0,0.0,0.0,0.0,0.0,0.0,0,0.0,0.0,0,0,0,0,0.0,0.0,0.0,0.0,0.0,0.0,0.0,0.0,0,0,0,0,0,0.0,,397,34,380,16,361,7,399,34,,,,,,,0.0,0.0,0.0,0.0,0.0,0.0,525,49,3,3,403,34,80,12,0.0,0.0
Ronald Araujo,Liverpool,DEF,5.5,0,0,0.0,1.5,0,0,0,0,0,0,0,0,0,0,0,0,0.0,0.0,0.0,0.0,0.0,0,0.0,0.0,0,0,0,0,0.0,0.0,0.0,0.0,0.0,0.0,0.0,0.0,0,0,0,0,0,0.0,,569,193,569,193,568,193,569,193,,,,,,,0.0,0.0,0.0,0.0,0.0,0.0,166,21,425,172,569,193,162,64,0.0,0.0
Jayden Danns,Liverpool,FWD,4.5,0,0,0.0,0.0,0,0,0,0,0,0,0,0,0,0,0,0,0.0,0.0,0.0,0.0,0.0,0,0.0,0.0,0,0,0,0,0.0,0.0,0.0,0.0,0.0,0.0,0.0,0.0,0,0,0,0,0,0.0,Unspecified injury - Unknown return date,478,46,472,46,460,46,480,47,,,,,,,0.0,0.0,0.0,0.0,0.0,0.0,480,60,158,2,483,48,503,67,0.0,0.0
Lewis Koumas,Liverpool,MID,5.0,0,0,0.0,0.0,0,0,0,0,0,0,0,0,0,0,0,0,0.0,0.0,0.0,0.0,0.0,0,0.0,0.0,0,0,0,0,0.0,0.0,0.0,0.0,0.0,0.0,0.0,0.0,0,0,0,0,0,0.0,,542,227,542,227,539,226,542,227,,,,,,,0.0,0.0,0.0,0.0,0.0,0.0,353,206,330,93,542,227,553,231,0.0,0.0
James McConnell,Liverpool,MID,4.5,0,0,0.0,0.2,0,0,0,0,0,0,0,0,0,0,0,0,0.0,0.0,0.0,0.0,0.0,0,0.0,0.0,0,0,0,0,0.0,0.0,0.0,0.0,0.0,0.0,0.0,0.0,0,0,0,0,0,0.0,,475,193,469,195,456,189,477,194,,,,,,,0.0,0.0,0.0,0.0,0.0,0.0,476,248,154,12,480,196,333,116,0.0,0.0
Victor Munoz,Liverpool,MID,6.5,0,0,0.0,0.7,0,0,0,0,0,0,0,0,0,0,0,0,0.0,0.0,0.0,0.0,0.0,0,0.0,0.0,0,0,0,0,0.0,0.0,0.0,0.0,0.0,0.0,0.0,0.0,0,0,0,0,0,0.0,,591,260,591,260,591,260,591,260,,,,,,,0.0,0.0,0.0,0.0,0.0,0.0,54,38,561,241,591,260,226,75,0.0,0.0
Stefan Bajcetic,Liverpool,MID,5.0,0,0,0.0,0.0,0,0,0,0,0,0,0,0,0,0,0,0,0.0,0.0,0.0,0.0,0.0,0,0.0,0.0,0,0,0,0,0.0,0.0,0.0,0.0,0.0,0.0,0.0,0.0,0,0,0,0,0,0.0,Hamstring injury - Expected back 23 Aug,544,228,544,228,541,227,544,228,,,,,,,0.0,0.0,0.0,0.0,0.0,0.0,359,211,336,98,544,228,590,260,0.0,0.0
João Pedro Costinha,Brighton,DEF,4.5,0,0,0.0,0.0,0,0,0,0,0,0,0,0,0,0,0,0,0.0,0.0,0.0,0.0,0.0,0,0.0,0.0,0,0,0,0,0.0,0.0,0.0,0.0,0.0,0.0,0.0,0.0,0,0,0,0,0,0.0,,469,178,461,178,447,177,471,178,,,,,,,0.0,0.0,0.0,0.0,0.0,0.0,459,122,137,94,474,178,535,180,0.0,0.0
Michael Svoboda,Brighton,DEF,5.0,0,0,0.0,0.0,0,0,0,0,0,0,0,0,0,0,0,0,0.0,0.0,0.0,0.0,0.0,0,0.0,0.0,0,0,0,0,0.0,0.0,0.0,0.0,0.0,0.0,0.0,0.0,0,0,0,0,0,0.0,,525,186,523,186,520,186,525,186,,,,,,,0.0,0.0,0.0,0.0,0.0,0.0,308,58,285,141,525,186,501,169,0.0,0.0
Kayne Van Oevelen,Ipswich Town,GKP,4.5,0,0,0.0,0.1,0,0,0,0,0,0,0,0,0,0,0,0,0.0,0.0,0.0,0.0,0.0,0,0.0,0.0,0,0,0,0,0.0,0.0,0.0,0.0,0.0,0.0,0.0,0.0,0,0,0,0,0,0.0,,482,60,478,54,468,48,484,60,,,,,,,0.0,0.0,0.0,0.0,0.0,0.0,490,44,168,44,487,60,487,54,0.0,0.0
Kasey McAteer,Ipswich Town,MID,4.5,0,0,0.0,1.4,0,0,0,0,0,0,0,0,0,0,0,0,0.0,0.0,0.0,0.0,0.0,0,0.0,0.0,0,0,0,0,0.0,0.0,0.0,0.0,0.0,0.0,0.0,0.0,0,0,0,0,0,0.0,,470,190,463,192,449,186,472,191,,,,,,,0.0,0.0,0.0,0.0,0.0,0.0,461,244,139,8,475,193,169,54,0.0,0.0
David Akintola,Hull City,MID,5.0,0,0,0.0,0.0,0,0,0,0,0,0,0,0,0,0,0,0,0.0,0.0,0.0,0.0,0.0,0,0.0,0.0,0,0,0,0,0.0,0.0,0.0,0.0,0.0,0.0,0.0,0.0,0,0,0,0,0,0.0,,509,207,505,207,501,206,509,207,,,,,,,0.0,0.0,0.0,0.0,0.0,0.0,266,164,243,51,509,207,518,219,0.0,0.0
Dara O'Shea,Ipswich Town,DEF,4.0,0,0,0.0,3.0,0,0,0,0,0,0,0,0,0,0,0,0,0.0,0.0,0.0,0.0,0.0,0,0.0,0.0,0,0,0,0,0.0,0.0,0.0,0.0,0.0,0.0,0.0,0.0,0,0,0,0,0,0.0,,415,145,400,144,381,140,417,145,,,,,,,0.0,0.0,0.0,0.0,0.0,0.0,548,160,26,15,421,146,103,40,0.0,0.0
David Button,Ipswich Town,GKP,4.0,0,0,0.0,0.5,0,0,0,0,0,0,0,0,0,0,0,0,0.0,0.0,0.0,0.0,0.0,0,0.0,0.0,0,0,0,0,0.0,0.0,0.0,0.0,0.0,0.0,0.0,0.0,0,0,0,0,0,0.0,,398,35,381,17,362,8,400,35,,,,,,,0.0,0.0,0.0,0.0,0.0,0.0,526,50,4,4,404,35,267,36,0.0,0.0
Alex Palmer,Ipswich Town,GKP,4.0,0,0,0.0,5.2,0,0,0,0,0,0,0,0,0,0,0,0,0.0,0.0,0.0,0.0,0.0,0,0.0,0.0,0,0,0,0,0.0,0.0,0.0,0.0,0.0,0.0,0.0,0.0,0,0,0,0,0,0.0,,402,37,386,20,367,11,404,37,,,,,,,0.0,0.0,0.0,0.0,0.0,0.0,532,53,10,7,408,37,69,9,0.0,0.0
Christian Walton,Ipswich Town,GKP,4.5,0,0,0.0,0.6,0,0,0,0,0,0,0,0,0,0,0,0,0.0,0.0,0.0,0.0,0.0,0,0.0,0.0,0,0,0,0,0.0,0.0,0.0,0.0,0.0,0.0,0.0,0.0,0,0,0,0,0,0.0,,456,52,445,39,428,30,458,52,,,,,,,0.0,0.0,0.0,0.0,0.0,0.0,405,26,83,26,461,52,246,31,0.0,0.0
Lucas Gourna-Douath,Hull City,MID,5.0,0,0,0.0,0.0,0,0,0,0,0,0,0,0,0,0,0,0,0.0,0.0,0.0,0.0,0.0,0,0.0,0.0,0,0,0,0,0.0,0.0,0.0,0.0,0.0,0.0,0.0,0.0,0,0,0,0,0,0.0,,530,220,529,220,525,219,530,220,,,,,,,0.0,0.0,0.0,0.0,0.0,0.0,319,187,296,74,530,220,581,253,0.0,0.0
Nobel Mendy,Hull City,DEF,4.0,0,0,0.0,0.6,0,0,0,0,0,0,0,0,0,0,0,0,0.0,0.0,0.0,0.0,0.0,0,0.0,0.0,0,0,0,0,0.0,0.0,0.0,0.0,0.0,0.0,0.0,0.0,0,0,0,0,0,0.0,,449,170,435,170,417,167,451,170,,,,,,,0.0,0.0,0.0,0.0,0.0,0.0,588,191,66,46,454,170,245,93,0.0,0.0
Lucas Herrington,Hull City,DEF,4.0,0,0,0.0,0.4,0,0,0,0,0,0,0,0,0,0,0,0,0.0,0.0,0.0,0.0,0.0,0,0.0,0.0,0,0,0,0,0.0,0.0,0.0,0.0,0.0,0.0,0.0,0.0,0,0,0,0,0,0.0,,448,169,434,169,416,166,450,169,,,,,,,0.0,0.0,0.0,0.0,0.0,0.0,586,189,64,44,453,169,286,107,0.0,0.0
Elliot Stroud,Hull City,MID,5.0,0,0,0.0,0.1,0,0,0,0,0,0,0,0,0,0,0,0,0.0,0.0,0.0,0.0,0.0,0,0.0,0.0,0,0,0,0,0.0,0.0,0.0,0.0,0.0,0.0,0.0,0.0,0,0,0,0,0,0.0,,552,233,552,233,550,233,552,233,,,,,,,0.0,0.0,0.0,0.0,0.0,0.0,379,227,356,114,552,233,471,194,0.0,0.0
Jens Hjertø-Dahl,Hull City,MID,5.0,0,0,0.0,0.1,0,0,0,0,0,0,0,0,0,0,0,0,0.0,0.0,0.0,0.0,0.0,0,0.0,0.0,0,0,0,0,0.0,0.0,0.0,0.0,0.0,0.0,0.0,0.0,0,0,0,0,0,0.0,,548,231,548,231,546,231,548,231,,,,,,,0.0,0.0,0.0,0.0,0.0,0.0,370,220,347,107,548,231,465,191,0.0,0.0
Konstantinos Tzolakis,Hull City,GKP,4.5,0,0,0.0,0.4,0,0,0,0,0,0,0,0,0,0,0,0,0.0,0.0,0.0,0.0,0.0,0,0.0,0.0,0,0,0,0,0.0,0.0,0.0,0.0,0.0,0.0,0.0,0.0,0,0,0,0,0,0.0,,474,59,467,50,453,43,476,59,,,,,,,0.0,0.0,0.0,0.0,0.0,0.0,468,39,146,39,479,59,269,37,0.0,0.0
Hidemasa Morita,Hull City,MID,5.0,0,0,0.0,0.0,0,0,0,0,0,0,0,0,0,0,0,0,0.0,0.0,0.0,0.0,0.0,0,0.0,0.0,0,0,0,0,0.0,0.0,0.0,0.0,0.0,0.0,0.0,0.0,0,0,0,0,0,0.0,Calf injury - 50% chance of playing,523,215,520,215,517,214,523,215,,,,,,,0.0,0.0,0.0,0.0,0.0,0.0,304,180,281,67,523,215,489,203,0.0,0.0
Matt Targett,Hull City,DEF,4.0,0,0,0.0,2.8,0,0,0,0,0,0,0,0,0,0,0,0,0.0,0.0,0.0,0.0,0.0,0,0.0,0.0,0,0,0,0,0.0,0.0,0.0,0.0,0.0,0.0,0.0,0.0,0,0,0,0,0,0.0,,406,138,391,137,372,133,408,138,,,,,,,0.0,0.0,0.0,0.0,0.0,0.0,539,153,17,8,412,139,108,42,0.0,0.0
Joe Gelhardt,Hull City,MID,5.0,0,0,0.0,0.0,0,0,0,0,0,0,0,0,0,0,0,0,0.0,0.0,0.0,0.0,0.0,0,0.0,0.0,0,0,0,0,0.0,0.0,0.0,0.0,0.0,0.0,0.0,0.0,0,0,0,0,0,0.0,Ankle injury - Expected back 5 Sep,527,217,525,217,522,216,527,217,,,,,,,0.0,0.0,0.0,0.0,0.0,0.0,312,184,289,71,527,217,516,218,0.0,0.0
Mason Burstow,Hull City,FWD,4.5,0,0,0.0,0.2,0,0,0,0,0,0,0,0,0,0,0,0,0.0,0.0,0.0,0.0,0.0,0,0.0,0.0,0,0,0,0,0.0,0.0,0.0,0.0,0.0,0.0,0.0,0.0,0,0,0,0,0,0.0,Has joined Sheffield Wednesday on loan for the rest of the season,481,48,477,48,467,48,483,49,,,,,,,0.0,0.0,0.0,0.0,0.0,0.0,489,62,167,4,486,50,352,58,0.0,0.0
Enis Destan,Hull City,FWD,4.5,0,0,0.0,1.6,0,0,0,0,0,0,0,0,0,0,0,0,0.0,0.0,0.0,0.0,0.0,0,0.0,0.0,0,0,0,0,0.0,0.0,0.0,0.0,0.0,0.0,0.0,0.0,0,0,0,0,0,0.0,Has joined Konyaspor permanently,479,47,473,47,461,47,481,48,,,,,,,0.0,0.0,0.0,0.0,0.0,0.0,482,61,160,3,484,49,151,25,0.0,0.0
Darko Gyabi,Hull City,MID,4.5,0,0,0.0,0.1,0,0,0,0,0,0,0,0,0,0,0,0,0.0,0.0,0.0,0.0,0.0,0,0.0,0.0,0,0,0,0,0.0,0.0,0.0,0.0,0.0,0.0,0.0,0.0,0,0,0,0,0,0.0,Thigh injury - Unknown return date,472,192,465,194,451,188,474,193,,,,,,,0.0,0.0,0.0,0.0,0.0,0.0,464,246,142,10,477,195,472,195,0.0,0.0
Cédric Kipré,Ipswich Town,DEF,4.0,0,0,0.0,0.6,0,0,0,0,0,0,0,0,0,0,0,0,0.0,0.0,0.0,0.0,0.0,0,0.0,0.0,0,0,0,0,0.0,0.0,0.0,0.0,0.0,0.0,0.0,0.0,0,0,0,0,0,0.0,,410,141,395,140,376,136,412,141,,,,,,,0.0,0.0,0.0,0.0,0.0,0.0,543,156,21,11,416,142,234,90,0.0,0.0
Leif Davis,Ipswich Town,DEF,4.0,0,0,0.0,5.2,0,0,0,0,0,0,0,0,0,0,0,0,0.0,0.0,0.0,0.0,0.0,0,0.0,0.0,0,0,0,0,0.0,0.0,0.0,0.0,0.0,0.0,0.0,0.0,0,0,0,0,0,0.0,,428,154,413,153,394,149,430,154,2.0,,2.0,,,,0.0,0.0,0.0,0.0,0.0,0.0,562,170,40,25,434,155,70,26,0.0,0.0
Ali Al-Hamadi,Ipswich Town,FWD,5.0,0,0,0.0,0.1,0,0,0,0,0,0,0,0,0,0,0,0,0.0,0.0,0.0,0.0,0.0,0,0.0,0.0,0,0,0,0,0.0,0.0,0.0,0.0,0.0,0.0,0.0,0.0,0,0,0,0,0,0.0,,526,59,524,59,521,59,526,59,,,,,,,0.0,0.0,0.0,0.0,0.0,0.0,311,53,288,18,526,59,393,60,0.0,0.0
Jacob Greaves,Ipswich Town,DEF,4.0,0,0,0.0,0.9,0,0,0,0,0,0,0,0,0,0,0,0,0.0,0.0,0.0,0.0,0.0,0,0.0,0.0,0,0,0,0,0.0,0.0,0.0,0.0,0.0,0.0,0.0,0.0,0,0,0,0,0,0.0,,426,152,411,151,392,147,428,152,,,,,,,0.0,0.0,0.0,0.0,0.0,0.0,560,168,38,23,432,153,197,71,0.0,0.0
Sindre Walle Egeli,Ipswich Town,FWD,4.5,0,0,0.0,2.1,0,0,0,0,0,0,0,0,0,0,0,0,0.0,0.0,0.0,0.0,0.0,0,0.0,0.0,0,0,0,0,0.0,0.0,0.0,0.0,0.0,0.0,0.0,0.0,0,0,0,0,0,0.0,,489,50,485,50,475,50,491,51,,,,,,,0.0,0.0,0.0,0.0,0.0,0.0,499,64,177,6,493,52,128,17,0.0,0.0
Chuba Akpom,Ipswich Town,FWD,5.0,0,0,0.0,0.5,0,0,0,0,0,0,0,0,0,0,0,0,0.0,0.0,0.0,0.0,0.0,0,0.0,0.0,0,0,0,0,0.0,0.0,0.0,0.0,0.0,0.0,0.0,0.0,0,0,0,0,0,0.0,,502,55,498,55,492,55,502,55,,,,,,,0.0,0.0,0.0,0.0,0.0,0.0,239,48,216,13,502,55,253,44,0.0,0.0
Sam Szmodics,Ipswich Town,MID,5.0,0,0,0.0,0.0,0,0,0,0,0,0,0,0,0,0,0,0,0.0,0.0,0.0,0.0,0.0,0,0.0,0.0,0,0,0,0,0.0,0.0,0.0,0.0,0.0,0.0,0.0,0.0,0,0,0,0,0,0.0,Has joined Derby County on loan for the rest of the season,506,204,502,204,496,203,506,204,,,,,,,0.0,0.0,0.0,0.0,0.0,0.0,248,151,225,38,506,204,492,205,0.0,0.0
Jaden Philogene,Ipswich Town,MID,5.5,0,0,0.0,0.2,0,0,0,0,0,0,0,0,0,0,0,0,0.0,0.0,0.0,0.0,0.0,0,0.0,0.0,0,0,0,0,0.0,0.0,0.0,0.0,0.0,0.0,0.0,0.0,0,0,0,0,0,0.0,,573,249,573,249,572,249,573,249,5.0,,,,4.0,,0.0,0.0,0.0,0.0,0.0,0.0,185,113,444,164,573,249,371,136,0.0,0.0
George Hirst,Ipswich Town,FWD,5.0,0,0,0.0,0.4,0,0,0,0,0,0,0,0,0,0,0,0,0.0,0.0,0.0,0.0,0.0,0,0.0,0.0,0,0,0,0,0.0,0.0,0.0,0.0,0.0,0.0,0.0,0.0,0,0,0,0,0,0.0,,513,57,509,57,506,57,513,57,,,,,3.0,,0.0,0.0,0.0,0.0,0.0,0.0,277,50,254,15,513,57,279,49,0.0,0.0
Emersonn Emersonn,Ipswich Town,FWD,5.5,0,0,0.0,0.4,0,0,0,0,0,0,0,0,0,0,0,0,0.0,0.0,0.0,0.0,0.0,0,0.0,0.0,0,0,0,0,0.0,0.0,0.0,0.0,0.0,0.0,0.0,0.0,0,0,0,0,0,0.0,,577,66,577,66,576,66,577,66,,,,,2.0,,0.0,0.0,0.0,0.0,0.0,0.0,203,43,462,39,577,66,292,51,0.0,0.0
Abdul Fatawu,Ipswich Town,MID,5.5,0,0,0.0,0.3,0,0,0,0,0,0,0,0,0,0,0,0,0.0,0.0,0.0,0.0,0.0,0,0.0,0.0,0,0,0,0,0.0,0.0,0.0,0.0,0.0,0.0,0.0,0.0,0,0,0,0,0,0.0,,575,251,575,251,574,251,575,251,,,,,,,0.0,0.0,0.0,0.0,0.0,0.0,201,126,460,177,575,251,321,109,0.0,0.0
Chiedozie Ogbene,Ipswich Town,MID,5.0,0,0,0.0,0.0,0,0,0,0,0,0,0,0,0,0,0,0,0.0,0.0,0.0,0.0,0.0,0,0.0,0.0,0,0,0,0,0.0,0.0,0.0,0.0,0.0,0.0,0.0,0.0,0,0,0,0,0,0.0,,514,209,510,209,507,208,514,209,,,,,,,0.0,0.0,0.0,0.0,0.0,0.0,281,168,258,55,514,209,552,230,0.0,0.0
Jack Clarke,Ipswich Town,MID,5.5,0,0,0.0,0.3,0,0,0,0,0,0,0,0,0,0,0,0,0.0,0.0,0.0,0.0,0.0,0,0.0,0.0,0,0,0,0,0.0,0.0,0.0,0.0,0.0,0.0,0.0,0.0,0,0,0,0,0,0.0,,568,245,568,245,567,245,568,245,3.0,,3.0,,1.0,,0.0,0.0,0.0,0.0,0.0,0.0,164,103,423,154,568,245,320,108,0.0,0.0
Jack Taylor,Ipswich Town,MID,4.5,0,0,0.0,0.1,0,0,0,0,0,0,0,0,0,0,0,0,0.0,0.0,0.0,0.0,0.0,0,0.0,0.0,0,0,0,0,0.0,0.0,0.0,0.0,0.0,0.0,0.0,0.0,0,0,0,0,0,0.0,Knee injury - Unknown return date,463,188,455,190,440,184,465,189,,,,,,,0.0,0.0,0.0,0.0,0.0,0.0,441,242,119,6,468,191,432,173,0.0,0.0
Wes Burns,Ipswich Town,MID,5.0,0,0,0.0,0.0,0,0,0,0,0,0,0,0,0,0,0,0,0.0,0.0,0.0,0.0,0.0,0,0.0,0.0,0,0,0,0,0.0,0.0,0.0,0.0,0.0,0.0,0.0,0.0,0,0,0,0,0,0.0,Has joined Leicester City permanently,503,201,499,201,493,200,503,201,,,,,,,0.0,0.0,0.0,0.0,0.0,0.0,240,144,217,31,503,201,560,238,0.0,0.0
Azor Matusiwa,Ipswich Town,MID,5.0,0,0,0.0,0.0,0,0,0,0,0,0,0,0,0,0,0,0,0.0,0.0,0.0,0.0,0.0,0,0.0,0.0,0,0,0,0,0.0,0.0,0.0,0.0,0.0,0.0,0.0,0.0,0,0,0,0,0,0.0,Muscular injury - Unknown return date,519,212,515,212,512,211,519,212,,,,,,,0.0,0.0,0.0,0.0,0.0,0.0,289,173,266,60,519,212,572,246,0.0,0.0
Marcelino Núñez,Ipswich Town,MID,5.0,0,0,0.0,0.1,0,0,0,0,0,0,0,0,0,0,0,0,0.0,0.0,0.0,0.0,0.0,0,0.0,0.0,0,0,0,0,0.0,0.0,0.0,0.0,0.0,0.0,0.0,0.0,0,0,0,0,0,0.0,,539,225,538,225,535,224,539,225,1.0,,1.0,,,,0.0,0.0,0.0,0.0,0.0,0.0,343,199,320,86,539,225,397,151,0.0,0.0
Darnell Furlong,Ipswich Town,DEF,4.0,0,0,0.0,0.6,0,0,0,0,0,0,0,0,0,0,0,0,0.0,0.0,0.0,0.0,0.0,0,0.0,0.0,0,0,0,0,0.0,0.0,0.0,0.0,0.0,0.0,0.0,0.0,0,0,0,0,0,0.0,,409,140,394,139,375,135,411,140,,,,,,,0.0,0.0,0.0,0.0,0.0,0.0,542,155,20,10,415,141,238,91,0.0,0.0
Ben Johnson,Ipswich Town,DEF,4.0,0,0,0.0,0.1,0,0,0,0,0,0,0,0,0,0,0,0,0.0,0.0,0.0,0.0,0.0,0,0.0,0.0,0,0,0,0,0.0,0.0,0.0,0.0,0.0,0.0,0.0,0.0,0,0,0,0,0,0.0,,417,147,402,146,383,142,419,147,,,,,,,0.0,0.0,0.0,0.0,0.0,0.0,551,163,29,18,423,148,413,146,0.0,0.0
Ryan Giles,Hull City,DEF,4.0,0,0,0.0,0.8,0,0,0,0,0,0,0,0,0,0,0,0,0.0,0.0,0.0,0.0,0.0,0,0.0,0.0,0,0,0,0,0.0,0.0,0.0,0.0,0.0,0.0,0.0,0.0,0,0,0,0,0,0.0,,418,148,403,147,384,143,420,148,1.0,,1.0,,,,0.0,0.0,0.0,0.0,0.0,0.0,552,164,30,19,424,149,212,79,0.0,0.0
